type_name,master_horse_training_block_id,name,master_horse_training_block_ids,obstacles,coins,master_training_block_combo_type,master_training_modular_block_id_start,master_training_modular_block_id_end,master_horse_training_block_combo_group_id
type,long,string,string,string,string,master_training_block_combo_type,string,string,int
out_put_client,true,true,true,true,true,true,true,true,true
out_put_server,true,false,false,false,false,false,false,false,false
id,id,,,,,,,,group
,10006006,Block 1_1,road_1_2.road_1_3.road_4_7.road_1_7.road_1_8.road_3_9.road_2_7.road_1_7.road_3_3.road_5_6.road_2_5.road_2_2.road_11_4.road_3_2.road_5_9.road_5_8,[{"type":"run_obstacle"..."localPosition":{"x":-2.20015574..."y":-1.90734863E-06..."z":16.3978214}}...{"type":"lane_run_obstacle"..."localPosition":{"x":1.79474258..."y":-1.90734863E-06..."z":28.0343266}}...{"type":"run_obstacle"..."localPosition":{"x":-2.21939158..."y":-1.90734863E-06..."z":99.4965439}}...{"type":"lane_run_obstacle"..."localPosition":{"x":1.87362885..."y":-1.90734863E-06..."z":77.78788}}...{"type":"jump_obstacle"..."localPosition":{"x":0.02821222..."y":-1.90734863E-06..."z":92.46698}}...{"type":"jump_obstacle"..."localPosition":{"x":-2.63635635..."y":-1.90734863E-06..."z":27.8316479}}...{"type":"lane_jump_obstacle"..."localPosition":{"x":-0.229852676..."y":-1.90734863E-06..."z":4.587934}}...{"type":"run_obstacle"..."localPosition":{"x":-2.20015574..."y":-1.90734863E-06..."z":16.3978214}}...{"type":"lane_run_obstacle"..."localPosition":{"x":1.79474258..."y":-1.90734863E-06..."z":28.0343266}}...{"type":"lane_jump_obstacle"..."localPosition":{"x":0.5009997..."y":-1.90734863E-06..."z":55.58188}}...{"type":"lane_jump_obstacle"..."localPosition":{"x":-1.60849786..."y":-1.90734863E-06..."z":43.0809631}}...{"type":"run_obstacle"..."localPosition":{"x":2.39345646..."y":-1.90734863E-06..."z":116.0569}}...{"type":"jump_obstacle"..."localPosition":{"x":-2.63635635..."y":-1.90734863E-06..."z":27.8316479}}...{"type":"lane_jump_obstacle"..."localPosition":{"x":-0.229852676..."y":-1.90734863E-06..."z":4.587934}}...{"type":"lane_run_obstacle"..."localPosition":{"x":-1.32145381..."y":-1.90734863E-06..."z":104.961227}}],[{"numberOfCoin":9..."localPosition":{"x":-1.829253..."y":0.4999981..."z":3.180182}..."benzierPointPositions":[{"x":-0.077693224..."y":4.76837158E-07..."z":-2.61883974}...{"x":-0.200618744..."y":2.333462..."z":0.789985657}...{"x":0.0..."y":0.0..."z":5.157718}]}...{"numberOfCoin":9..."localPosition":{"x":-2.95260859..."y":0.4999981..."z":41.11228}..."benzierPointPositions":[{"x":-0.109666586..."y":4.76837158E-07..."z":-2.43132019}...{"x":-0.200618744..."y":2.333462..."z":0.7900009}...{"x":-4.76837158E-07..."y":0.0..."z":5.15774536}]}...{"numberOfCoin":9..."localPosition":{"x":-0.158965588..."y":0.4999981..."z":41.11228}..."benzierPointPositions":[{"x":-0.109666586..."y":4.76837158E-07..."z":-2.43132019}...{"x":-0.200618744..."y":2.333462..."z":0.7900009}...{"x":0.0..."y":0.0..."z":5.15774536}]}...{"numberOfCoin":9..."localPosition":{"x":-0.7064552..."y":0.4999981..."z":91.29775}..."benzierPointPositions":[{"x":-0.109666586..."y":4.76837158E-07..."z":-2.43132019}...{"x":-0.200618744..."y":2.333462..."z":0.7899933}...{"x":0.0..."y":0.0..."z":5.15753174}]}...{"numberOfCoin":9..."localPosition":{"x":-1.532942..."y":0.4999981..."z":41.11228}..."benzierPointPositions":[{"x":-0.109666586..."y":4.76837158E-07..."z":-2.43132019}...{"x":-0.200618744..."y":2.333462..."z":0.7900009}...{"x":0.0..."y":0.0..."z":5.15774536}]}...{"numberOfCoin":9..."localPosition":{"x":2.108275..."y":0.4999981..."z":54.1805534}..."benzierPointPositions":[{"x":-0.109666586..."y":4.76837158E-07..."z":-2.43132019}...{"x":-0.200618744..."y":2.333462..."z":0.7900009}...{"x":0.0..."y":0.0..."z":5.157551}]}...{"numberOfCoin":15..."localPosition":{"x":-0.1292243..."y":0.4999981..."z":67.81044}..."benzierPointPositions":[{"x":-0.7787914..."y":0.0..."z":-2.37070465}...{"x":1.64534807..."y":0.0..."z":0.761688232}...{"x":0.544953346..."y":0.0..."z":5.25239563}...{"x":-3.14409542..."y":0.0..."z":8.094208}...{"x":-3.01683331..."y":0.0..."z":12.37912}...{"x":1.11581516..."y":0.0..."z":15.73143}]}...{"numberOfCoin":10..."localPosition":{"x":2.683022..."y":0.4999981..."z":100.604279}..."benzierPointPositions":[{"x":0.0..."y":0.0..."z":-2.0}...{"x":0.0..."y":0.0..."z":11.0257568}]}],Modular,padding_2,end_3,0
,10006007,Block_1_2,road_1_7.road_1_8.road_12_1.road_14_1.road_14_1.road_11_2.road_11_4.road_5_9.road_4_7.road_1_5.road_2_4.road_2_5.road_4_4.road_3_3.road_1_7.road_1_6,[{"type":"jump_obstacle"..."localPosition":{"x":-3.07704282..."y":-7.15255737E-07..."z":0.20539999}}...{"type":"lane_jump_obstacle"..."localPosition":{"x":-0.448190451..."y":-7.15255737E-07..."z":10.573597}}...{"type":"lane_jump_obstacle"..."localPosition":{"x":0.07928872..."y":-7.15255737E-07..."z":48.6529732}}...{"type":"jump_obstacle"..."localPosition":{"x":-1.22183228..."y":-7.15255737E-07..."z":21.1490383}}...{"type":"jump_obstacle"..."localPosition":{"x":1.1353426..."y":-7.15255737E-07..."z":38.9288826}}...{"type":"lane_run_obstacle"..."localPosition":{"x":2.08033466..."y":-8.34465E-07..."z":62.6890373}}...{"type":"lane_run_obstacle"..."localPosition":{"x":-2.34589815..."y":-8.34465E-07..."z":73.59611}}...{"type":"run_obstacle"..."localPosition":{"x":0.432851076..."y":-8.34465E-07..."z":87.50966}}...{"type":"lane_jump_obstacle"..."localPosition":{"x":1.74429727..."y":-7.15255737E-07..."z":94.5729752}}...{"type":"jump_obstacle"..."localPosition":{"x":-2.72527432..."y":-7.15255737E-07..."z":94.60518}}],[{"numberOfCoin":20..."localPosition":{"x":-0.0736676157..."y":0.499999285..."z":17.8813858}..."benzierPointPositions":[{"x":0.370188683..."y":-1.90734863E-06..."z":-2.10596657}...{"x":1.7555151..."y":0.0..."z":3.52222061}...{"x":0.459501237..."y":7.62939453E-06..."z":10.3355675}...{"x":-1.11237812..."y":3.81469727E-06..."z":15.9896088}...{"x":-1.099885..."y":5.722046E-06..."z":21.1490021}...{"x":0.779706..."y":5.722046E-06..."z":25.9178467}]}...{"numberOfCoin":9..."localPosition":{"x":3.29725766..."y":0.499999285..."z":93.4855042}..."benzierPointPositions":[{"x":-0.0776929855..."y":4.76837158E-07..."z":-2.618843}...{"x":-0.200618744..."y":2.33346176..."z":0.7899704}...{"x":0.0..."y":0.0..."z":5.157631}]}...{"numberOfCoin":9..."localPosition":{"x":-2.44359088..."y":0.499999285..."z":59.91319}..."benzierPointPositions":[{"x":-0.077693224..."y":4.76837158E-07..."z":-2.618843}...{"x":-0.200618744..."y":2.33346176..."z":0.7899704}...{"x":0.0..."y":0.0..."z":5.157627}]}...{"numberOfCoin":9..."localPosition":{"x":-2.85102..."y":0.499999285..."z":93.4855042}..."benzierPointPositions":[{"x":-0.0776929855..."y":4.76837158E-07..."z":-2.618843}...{"x":-0.200618744..."y":2.33346176..."z":0.7899704}...{"x":0.0..."y":0.0..."z":5.157631}]}...{"numberOfCoin":15..."localPosition":{"x":1.02981853..."y":0.499999285..."z":71.118515}..."benzierPointPositions":[{"x":-3.114048..."y":0.0..."z":-5.53908539}...{"x":1.34998131..."y":0.0..."z":-0.216247559}...{"x":1.58682632..."y":0.0..."z":4.907913}...{"x":-0.461374521..."y":0.0..."z":7.608696}...{"x":-0.914125443..."y":0.0..."z":11.2585449}]}...{"numberOfCoin":12..."localPosition":{"x":4.027319..."y":0.499999285..."z":106.177132}..."benzierPointPositions":[{"x":-1.93743563..."y":0.0..."z":-5.982544}...{"x":-7.22390842..."y":0.0..."z":4.82274628}...{"x":-1.69080663..."y":0.0..."z":14.538887}]}...{"numberOfCoin":12..."localPosition":{"x":-0.103030682..."y":0.499999285..."z":106.3187}..."benzierPointPositions":[{"x":-1.93743563..."y":0.0..."z":-5.982544}...{"x":3.087162..."y":1.90734863E-06..."z":4.80452728}...{"x":-1.83897448..."y":0.0..."z":14.35997}]}...{"numberOfCoin":8..."localPosition":{"x":-0.879164457..."y":0.499999285..."z":107.703743}..."benzierPointPositions":[{"x":0.958511353..."y":-2.98023224E-08..."z":1.40174866}...{"x":1.99384427..."y":0.0..."z":2.96357727}...{"x":0.606373549..."y":0.0..."z":4.181076}...{"x":-0.76583457..."y":0.0..."z":2.83882141}...{"x":0.3292904..."y":0.0379747748..."z":1.48072815}]}],Modular,padding_4,end_5,0
,10006008,Block_1_3,road_1_8.road_1_9.road_2_4.road_5_5.road_5_7.road_11_2.road_11_1.road_12_2.road_12_5.road_12_4.road_5_4.road_5_5.road_14_2,[{"type":"run_obstacle"..."localPosition":{"x":2.54872417..."y":-1.847744E-06..."z":6.63381052}}...{"type":"run_obstacle"..."localPosition":{"x":2.37945652..."y":-1.847744E-06..."z":29.130146}}...{"type":"run_obstacle"..."localPosition":{"x":-0.959476233..."y":-1.847744E-06..."z":15.6607056}}...{"type":"jump_obstacle"..."localPosition":{"x":0.764075935..."y":-1.7285347E-06..."z":55.431324}}...{"type":"jump_obstacle"..."localPosition":{"x":-0.924207449..."y":-1.7285347E-06..."z":61.5028419}}...{"type":"jump_obstacle"..."localPosition":{"x":-0.6636416..."y":-1.7285347E-06..."z":72.9926}}...{"type":"jump_obstacle"..."localPosition":{"x":3.18906188..."y":-1.7285347E-06..."z":80.4518}}...{"type":"run_obstacle"..."localPosition":{"x":0.202403784..."y":-1.847744E-06..."z":80.48962}}...{"type":"jump_obstacle"..."localPosition":{"x":-2.57342768..."y":-1.7285347E-06..."z":-0.07531071}}...{"type":"lane_jump_obstacle"..."localPosition":{"x":0.007850766..."y":-1.7285347E-06..."z":42.7419167}}...{"type":"run_obstacle"..."localPosition":{"x":2.54872417..."y":-1.847744E-06..."z":6.63381052}}...{"type":"run_obstacle"..."localPosition":{"x":2.37945652..."y":-1.847744E-06..."z":29.130146}}...{"type":"run_obstacle"..."localPosition":{"x":-0.959476233..."y":-1.847744E-06..."z":15.6607056}}...{"type":"jump_obstacle"..."localPosition":{"x":0.764075935..."y":-1.7285347E-06..."z":55.431324}}...{"type":"jump_obstacle"..."localPosition":{"x":-0.924207449..."y":-1.7285347E-06..."z":61.5028419}}...{"type":"jump_obstacle"..."localPosition":{"x":-0.6636416..."y":-1.7285347E-06..."z":72.9926}}...{"type":"jump_obstacle"..."localPosition":{"x":3.18906188..."y":-1.7285347E-06..."z":80.4518}}...{"type":"run_obstacle"..."localPosition":{"x":0.202403784..."y":-1.847744E-06..."z":80.48962}}...{"type":"jump_obstacle"..."localPosition":{"x":-2.57342768..."y":-1.7285347E-06..."z":-0.07531071}}...{"type":"lane_jump_obstacle"..."localPosition":{"x":0.007850766..."y":-1.7285347E-06..."z":42.7419167}}],[{"numberOfCoin":20..."localPosition":{"x":-1.48555088..."y":0.4999982..."z":8.12805748}..."benzierPointPositions":[{"x":0.0..."y":0.0..."z":-2.0}...{"x":4.035818..."y":0.0..."z":5.68953133}...{"x":3.705886..."y":0.0..."z":13.5560665}...{"x":1.009325..."y":0.0..."z":19.488142}]}...{"numberOfCoin":9..."localPosition":{"x":2.921177..."y":0.4999982..."z":79.28501}..."benzierPointPositions":[{"x":-0.077693224..."y":4.76837158E-07..."z":-2.618843}...{"x":-0.200618744..."y":2.33346224..."z":0.789985657}...{"x":0.0..."y":0.0..."z":5.15766144}]}...{"numberOfCoin":9..."localPosition":{"x":1.21540952..."y":0.4999982..."z":41.98159}..."benzierPointPositions":[{"x":-0.077693224..."y":4.76837158E-07..."z":-2.618843}...{"x":-0.200618744..."y":2.33346224..."z":0.789985657}...{"x":0.0..."y":0.0..."z":5.157692}]}...{"numberOfCoin":15..."localPosition":{"x":-2.86064148..."y":0.4999982..."z":52.6488228}..."benzierPointPositions":[{"x":0.0..."y":0.0..."z":-2.0}...{"x":0.0..."y":0.0..."z":1.99998856}...{"x":0.0500717163..."y":1.90734863E-06..."z":11.01194}...{"x":3.65667772..."y":1.90734863E-06..."z":15.7793312}]}...{"numberOfCoin":5..."localPosition":{"x":-1.19766378..."y":0.4999982..."z":94.3459}..."benzierPointPositions":[{"x":0.0..."y":0.0..."z":-2.0}...{"x":0.0..."y":0.0..."z":1.99996185}]}...{"numberOfCoin":5..."localPosition":{"x":1.08666611..."y":0.4999982..."z":94.27613}..."benzierPointPositions":[{"x":0.0..."y":0.0..."z":-2.0}...{"x":0.0..."y":0.0..."z":1.99996185}]}...{"numberOfCoin":20..."localPosition":{"x":-1.48555088..."y":0.4999982..."z":8.12805748}..."benzierPointPositions":[{"x":0.0..."y":0.0..."z":-2.0}...{"x":4.035818..."y":0.0..."z":5.68953133}...{"x":3.705886..."y":0.0..."z":13.5560665}...{"x":1.009325..."y":0.0..."z":19.488142}]}...{"numberOfCoin":9..."localPosition":{"x":2.921177..."y":0.4999982..."z":79.28501}..."benzierPointPositions":[{"x":-0.077693224..."y":4.76837158E-07..."z":-2.618843}...{"x":-0.200618744..."y":2.33346224..."z":0.789985657}...{"x":0.0..."y":0.0..."z":5.15766144}]}...{"numberOfCoin":9..."localPosition":{"x":1.21540952..."y":0.4999982..."z":41.98159}..."benzierPointPositions":[{"x":-0.077693224..."y":4.76837158E-07..."z":-2.618843}...{"x":-0.200618744..."y":2.33346224..."z":0.789985657}...{"x":0.0..."y":0.0..."z":5.157692}]}...{"numberOfCoin":15..."localPosition":{"x":-2.86064148..."y":0.4999982..."z":52.6488228}..."benzierPointPositions":[{"x":0.0..."y":0.0..."z":-2.0}...{"x":0.0..."y":0.0..."z":1.99998856}...{"x":0.0500717163..."y":1.90734863E-06..."z":11.01194}...{"x":3.65667772..."y":1.90734863E-06..."z":15.7793312}]}...{"numberOfCoin":5..."localPosition":{"x":-0.03523171..."y":0.4999982..."z":94.32221}..."benzierPointPositions":[{"x":0.0..."y":0.0..."z":-2.0}...{"x":0.0..."y":0.0..."z":1.99996185}]}...{"numberOfCoin":5..."localPosition":{"x":1.08666611..."y":0.4999982..."z":94.27613}..."benzierPointPositions":[{"x":0.0..."y":0.0..."z":-2.0}...{"x":0.0..."y":0.0..."z":1.99996185}]}],Modular,padding_3,end_1,0
,10006009,Block_1_4,road_1_7.road_1_6.road_2_5.road_5_8.road_1_3.road_1_4.road_1_6.road_1_7.road_2_2.road_2_3.road_4_7.road_4_5.road_5_2.road_5_3.road_5_5.road_11_3.road_11_1.road_11_2.road_11_1.road_11_3.road_14_4.road_14_3.road_2_9.road_2_8.road_2_7.road_3_3.road_3_4.road_5_6,[{"type":"jump_obstacle"..."localPosition":{"x":-1.22939086..."y":-7.15255737E-07..."z":7.29312754}}...{"type":"lane_run_obstacle"..."localPosition":{"x":2.30231881..."y":-8.34465E-07..."z":16.0231876}}...{"type":"run_obstacle"..."localPosition":{"x":-3.31549215..."y":-8.34465E-07..."z":26.67957}}...{"type":"run_obstacle"..."localPosition":{"x":-1.48042428..."y":-8.34465E-07..."z":31.2142982}}...{"type":"run_obstacle"..."localPosition":{"x":-0.272024632..."y":-8.34465E-07..."z":36.41769}}...{"type":"run_obstacle"..."localPosition":{"x":0.676396847..."y":-8.34465E-07..."z":41.61953}}...{"type":"run_obstacle"..."localPosition":{"x":-0.448223948..."y":-8.34465E-07..."z":46.6602325}}...{"type":"run_obstacle"..."localPosition":{"x":3.38401151..."y":-8.34465E-07..."z":56.656517}}...{"type":"lane_jump_obstacle"..."localPosition":{"x":1.26712227..."y":-7.15255737E-07..."z":110.154846}}...{"type":"lane_jump_obstacle"..."localPosition":{"x":2.02199769..."y":-7.15255737E-07..."z":85.84012}}...{"type":"jump_obstacle"..."localPosition":{"x":-2.88688445..."y":-7.15255737E-07..."z":85.7008362}}...{"type":"run_obstacle"..."localPosition":{"x":1.05657983..."y":-8.34465E-07..."z":151.4027}}...{"type":"lane_jump_obstacle"..."localPosition":{"x":-0.139271736..."y":-7.15255737E-07..."z":175.525238}}...{"type":"run_obstacle"..."localPosition":{"x":1.06854653..."y":-8.34465E-07..."z":131.789078}}...{"type":"jump_obstacle"..."localPosition":{"x":-1.12347531..."y":-7.15255737E-07..."z":141.8043}}...{"type":"run_obstacle"..."localPosition":{"x":-2.940873..."y":-8.34465E-07..."z":70.65267}}...{"type":"run_obstacle"..."localPosition":{"x":2.54403138..."y":-8.34465E-07..."z":114.305847}}...{"type":"lane_run_obstacle"..."localPosition":{"x":2.11943984..."y":-8.34465E-07..."z":60.3853035}}...{"type":"run_obstacle"..."localPosition":{"x":-3.223262..."y":-8.34465E-07..."z":-2.70968723}}],[{"numberOfCoin":15..."localPosition":{"x":2.198634..."y":0.499999285..."z":5.486832}..."benzierPointPositions":[{"x":-3.73054075..."y":0.0..."z":-2.42188835}...{"x":0.36270237..."y":0.0..."z":0.5119457}...{"x":0.10917902..."y":0.0..."z":4.41991568}...{"x":-4.11496735..."y":0.0..."z":7.896274}...{"x":-4.81277275..."y":0.0..."z":12.1573181}]}...{"numberOfCoin":0..."localPosition":{"x":-914.1991..."y":0.499999285..."z":-8.700004}..."benzierPointPositions":[{"x":0.0..."y":0.0..."z":-2.0}...{"x":0.0..."y":0.0..."z":2.0}]}...{"numberOfCoin":15..."localPosition":{"x":2.37563443..."y":0.499999285..."z":67.71926}..."benzierPointPositions":[{"x":-4.860358..."y":0.0..."z":-5.223835}...{"x":-0.1727488..."y":-1.90734863E-06..."z":0.7163391}...{"x":-1.06272626..."y":0.0..."z":5.803749}...{"x":-4.859971..."y":0.0..."z":9.157211}]}...{"numberOfCoin":10..."localPosition":{"x":1.09646249..."y":0.499999285..."z":23.6148872}..."benzierPointPositions":[{"x":-0.844889641..."y":0.0..."z":2.62104416}...{"x":2.38332844..."y":0.0..."z":16.8605232}]}...{"numberOfCoin":9..."localPosition":{"x":0.857043743..."y":0.499999285..."z":85.40144}..."benzierPointPositions":[{"x":-0.0776929855..."y":4.76837158E-07..."z":-2.618843}...{"x":-0.200618982..."y":2.333462..."z":0.789978}...{"x":0.0..."y":0.0..."z":5.15768433}]}...{"numberOfCoin":9..."localPosition":{"x":3.10059857..."y":0.499999285..."z":85.38075}..."benzierPointPositions":[{"x":-0.0776929855..."y":4.76837158E-07..."z":-2.618843}...{"x":-0.200618982..."y":2.333462..."z":0.789978}...{"x":0.0..."y":0.0..."z":5.15768433}]}...{"numberOfCoin":9..."localPosition":{"x":-1.047545..."y":0.499999285..."z":140.371338}..."benzierPointPositions":[{"x":-0.0776929855..."y":4.76837158E-07..."z":-2.61882019}...{"x":-0.200618982..."y":2.333462..."z":0.789978}...{"x":0.0..."y":0.0..."z":5.157715}]}...{"numberOfCoin":9..."localPosition":{"x":-0.5829253..."y":0.499999285..."z":109.117989}..."benzierPointPositions":[{"x":-0.0776929855..."y":4.76837158E-07..."z":-2.618843}...{"x":-0.200618982..."y":2.333462..."z":0.789978}...{"x":0.0..."y":0.0..."z":5.15768433}]}...{"numberOfCoin":18..."localPosition":{"x":-1.36520052..."y":0.499999285..."z":153.350449}..."benzierPointPositions":[{"x":0.0..."y":0.0..."z":-2.0}...{"x":0.32575655..."y":0.0..."z":2.135315}...{"x":2.24500465..."y":0.0..."z":5.35110474}...{"x":3.06682587..."y":0.0..."z":12.0113525}...{"x":2.790433..."y":0.0..."z":18.5846252}]}...{"numberOfCoin":8..."localPosition":{"x":1.15368271..."y":0.499999285..."z":119.620956}..."benzierPointPositions":[{"x":0.0435271263..."y":0.0..."z":-1.99526215}...{"x":0.06989527..."y":-1.90734863E-06..."z":8.914505}]}...{"numberOfCoin":8..."localPosition":{"x":-2.76909661..."y":0.499999285..."z":218.5003}..."benzierPointPositions":[{"x":-1.01602578..."y":0.0..."z":1.52000427}...{"x":6.587972..."y":0.0..."z":1.47970581}]}...{"numberOfCoin":4..."localPosition":{"x":0.06520915..."y":0.499999285..."z":223.170624}..."benzierPointPositions":[{"x":-1.01602173..."y":0.0..."z":1.52000427}...{"x":3.59533215..."y":0.0..."z":1.47970581}]}...{"numberOfCoin":4..."localPosition":{"x":0.009924173..."y":0.499999285..."z":220.879868}..."benzierPointPositions":[{"x":-1.01602173..."y":0.0..."z":1.52000427}...{"x":3.59533215..."y":0.0..."z":1.47970581}]}...{"numberOfCoin":8..."localPosition":{"x":-2.84545541..."y":0.499999285..."z":215.967316}..."benzierPointPositions":[{"x":-1.01602578..."y":0.0..."z":1.51997375}...{"x":6.58797169..."y":0.0..."z":1.47970581}]}...{"numberOfCoin":8..."localPosition":{"x":-0.7192786..."y":0.499999285..."z":175.4718}..."benzierPointPositions":[{"x":0.958511353..."y":-2.98023224E-08..."z":1.40174866}...{"x":1.99383855..."y":0.0..."z":2.96357727}...{"x":0.6063738..."y":0.0..."z":4.181076}...{"x":-0.765837431..."y":0.0..."z":2.83882141}...{"x":0.3292904..."y":0.0379747748..."z":1.48072815}]}...{"numberOfCoin":8..."localPosition":{"x":1.8991158..."y":0.499999285..."z":207.178436}..."benzierPointPositions":[{"x":0.958511353..."y":-2.98023224E-08..."z":1.40174866}...{"x":1.99384427..."y":0.0..."z":2.96357727}...{"x":0.606373549..."y":0.0..."z":4.181076}...{"x":-0.765846968..."y":0.0..."z":2.83882141}...{"x":0.3292904..."y":0.0379747748..."z":1.48072815}]}...{"numberOfCoin":8..."localPosition":{"x":-3.52837682..."y":0.499999285..."z":187.691528}..."benzierPointPositions":[{"x":0.958511353..."y":-2.98023224E-08..."z":1.40174866}...{"x":1.99384451..."y":0.0..."z":2.96357727}...{"x":0.6063738..."y":0.0..."z":4.181076}...{"x":-0.7658365..."y":0.0..."z":2.83882141}...{"x":0.3292904..."y":0.0379747748..."z":1.48072815}]}...{"numberOfCoin":8..."localPosition":{"x":1.84651589..."y":0.499999285..."z":194.764954}..."benzierPointPositions":[{"x":0.958511353..."y":-2.98023224E-08..."z":1.40174866}...{"x":1.99384141..."y":0.0..."z":2.96357727}...{"x":0.6063738..."y":0.0..."z":4.181076}...{"x":-0.765837431..."y":0.0..."z":2.83882141}...{"x":0.3292904..."y":0.0379747748..."z":1.48072815}]}...{"numberOfCoin":8..."localPosition":{"x":-3.52620387..."y":0.499999285..."z":200.310135}..."benzierPointPositions":[{"x":0.958511353..."y":-2.98023224E-08..."z":1.40174866}...{"x":1.99384427..."y":0.0..."z":2.96357727}...{"x":0.606373549..."y":0.0..."z":4.181076}...{"x":-0.7658465..."y":0.0..."z":2.83882141}...{"x":0.3292904..."y":0.0379747748..."z":1.48072815}]}],Modular,padding_4,end_3,0
,10006010,Block_1_5,road_11_3.road_11_4.road_11_4.road_11_1.road_11_4.road_11_2.road_5_7.road_4_6.road_4_6.road_4_6.road_4_6.road_4_6.road_4_6.road_4_6.road_1_4.road_11_3.road_4_5,[{"type":"lane_jump_obstacle"..."localPosition":{"x":-3.70362973..."y":1.13248825E-06..."z":40.8705978}}...{"type":"lane_jump_obstacle"..."localPosition":{"x":-2.34792638..."y":1.13248825E-06..."z":11.705759}}...{"type":"lane_run_obstacle"..."localPosition":{"x":-2.34724474..."y":1.013279E-06..."z":91.57057}}...{"type":"run_obstacle"..."localPosition":{"x":-5.126909..."y":1.013279E-06..."z":-4.60964775}}...{"type":"run_obstacle"..."localPosition":{"x":0.747215033..."y":1.013279E-06..."z":-4.610439}}...{"type":"jump_obstacle"..."localPosition":{"x":0.7595041..."y":1.13248825E-06..."z":40.9825935}}...{"type":"run_obstacle"..."localPosition":{"x":-5.77071667..."y":1.013279E-06..."z":78.55187}}...{"type":"run_obstacle"..."localPosition":{"x":1.1320796..."y":1.013279E-06..."z":78.46054}}...{"type":"lane_run_obstacle"..."localPosition":{"x":-0.350880861..."y":1.013279E-06..."z":57.8007774}}...{"type":"jump_obstacle"..."localPosition":{"x":0.969429731..."y":1.13248825E-06..."z":93.76444}}...{"type":"lane_jump_obstacle"..."localPosition":{"x":-4.26330662..."y":1.13248825E-06..."z":93.88197}}...{"type":"run_obstacle"..."localPosition":{"x":-4.746338..."y":1.013279E-06..."z":68.543}}...{"type":"run_obstacle"..."localPosition":{"x":-2.23644257..."y":1.013279E-06..."z":107.2054}}...{"type":"run_obstacle"..."localPosition":{"x":-2.07619929..."y":1.013279E-06..."z":131.918854}}],[{"numberOfCoin":12..."localPosition":{"x":-2.55751872..."y":0.5000011..."z":20.21651}..."benzierPointPositions":[{"x":0.0..."y":0.0..."z":-2.0}...{"x":0.0..."y":0.0..."z":14.9233437}]}...{"numberOfCoin":9..."localPosition":{"x":-0.9518595..."y":0.5000011..."z":9.961695}..."benzierPointPositions":[{"x":-0.0776929855..."y":4.76837158E-07..."z":-2.61883974}...{"x":-0.200618744..."y":2.33346224..."z":0.789985657}...{"x":0.0..."y":0.0..."z":5.15769768}]}...{"numberOfCoin":9..."localPosition":{"x":1.30525875..."y":0.5000011..."z":91.78446}..."benzierPointPositions":[{"x":-0.0776929855..."y":4.76837158E-07..."z":-2.61883545}...{"x":-0.2006135..."y":2.33346224..."z":0.7899933}...{"x":0.0..."y":0.0..."z":5.157715}]}...{"numberOfCoin":9..."localPosition":{"x":-3.46184444..."y":0.5000011..."z":10.306469}..."benzierPointPositions":[{"x":-0.0776929855..."y":4.76837158E-07..."z":-2.61883974}...{"x":-0.200618744..."y":2.33346224..."z":0.789985657}...{"x":0.0..."y":0.0..."z":5.15769768}]}...{"numberOfCoin":8..."localPosition":{"x":-3.15915751..."y":0.5000011..."z":75.4917145}..."benzierPointPositions":[{"x":0.9585147..."y":0.0..."z":1.4019928}...{"x":1.993849..."y":0.0..."z":2.9641037}...{"x":0.6063762..."y":0.0..."z":4.181717}...{"x":-0.765835047..."y":0.0..."z":2.83931732}...{"x":0.3292923..."y":0.0379747748..."z":1.48098755}]}...{"numberOfCoin":8..."localPosition":{"x":-2.774433..."y":0.5000011..."z":121.985023}..."benzierPointPositions":[{"x":0.9585147..."y":0.0..."z":1.40198517}...{"x":1.993849..."y":0.0..."z":2.96408844}...{"x":0.6063762..."y":0.0..."z":4.181694}...{"x":-0.7658353..."y":0.0..."z":2.839302}...{"x":0.3292923..."y":0.0379747748..."z":1.48097992}]}...{"numberOfCoin":8..."localPosition":{"x":-0.648209333..."y":0.5000011..."z":51.1850052}..."benzierPointPositions":[{"x":0.06823063..."y":1.90734863E-06..."z":-1.34804535}...{"x":-5.00595..."y":-3.81469727E-06..."z":6.18446732}]}...{"numberOfCoin":15..."localPosition":{"x":-1.49638271..."y":0.5000011..."z":101.60321}..."benzierPointPositions":[{"x":-0.444757581..."y":0.479072571..."z":-0.4059372}...{"x":-0.155319333..."y":-3.81469727E-06..."z":2.342804}...{"x":2.81963682..."y":-3.81469727E-06..."z":3.88165283}...{"x":2.61876416..."y":-3.81469727E-06..."z":9.887772}...{"x":0.0906116962..."y":-3.81469727E-06..."z":12.6425552}...{"x":-0.112792015..."y":-3.81469727E-06..."z":20.02919}]}...{"numberOfCoin":9..."localPosition":{"x":-2.42917776..."y":0.5000011..."z":40.5521965}..."benzierPointPositions":[{"x":-0.0776929855..."y":4.76837158E-07..."z":-2.61883926}...{"x":-0.200618744..."y":2.33346224..."z":0.789985657}...{"x":0.0..."y":0.0..."z":5.15769958}]}...{"numberOfCoin":9..."localPosition":{"x":-5.8813..."y":0.5000011..."z":92.00514}..."benzierPointPositions":[{"x":-0.0776929855..."y":4.76837158E-07..."z":-2.61883545}...{"x":-0.2006135..."y":2.33346224..."z":0.7899933}...{"x":0.0..."y":0.0..."z":5.157715}]}...{"numberOfCoin":8..."localPosition":{"x":1.17634034..."y":0.5000011..."z":65.5721}..."benzierPointPositions":[{"x":-0.152735472..."y":3.81469727E-06..."z":-0.4059372}...{"x":-3.64453268..."y":-3.81469727E-06..."z":7.06775665}]}...{"numberOfCoin":15..."localPosition":{"x":-2.52473879..."y":0.5000011..."z":101.824944}..."benzierPointPositions":[{"x":-0.4447577..."y":0.479072571..."z":-0.4059372}...{"x":-0.9718492..."y":-3.81469727E-06..."z":2.21503448}...{"x":-3.448996..."y":-3.81469727E-06..."z":3.526062}...{"x":-3.03680372..."y":-3.81469727E-06..."z":10.0604706}...{"x":-0.5568702..."y":-3.81469727E-06..."z":12.7556458}...{"x":-0.257996082..."y":-5.722046E-06..."z":19.3427048}]}],Modular,padding_3,end_3,0
,10006011,Block_1_6,road_2_2.road_2_3.road_2_5.road_1_2.road_4_3.road_3_9.road_3_8.road_4_8.road_4_9.road_12_5.road_14_3.road_14_1.road_14_4.road_12_2.road_12_5.road_14_2.road_14_1.road_14_2.road_2_5.road_1_8.road_1_4.road_4_8.road_5_5.road_4_4.road_4_3.road_1_2.road_1_5.road_12_1.road_12_3.road_3_7.road_5_5,[{"type":"jump_obstacle"..."localPosition":{"x":3.02751231..."y":0.0..."z":25.2749672}}...{"type":"jump_obstacle"..."localPosition":{"x":1.68894184..."y":0.0..."z":37.01222}}...{"type":"jump_obstacle"..."localPosition":{"x":-2.83025241..."y":0.0..."z":160.002045}}...{"type":"jump_obstacle"..."localPosition":{"x":-0.111178815..."y":0.0..."z":15.6644173}}...{"type":"jump_obstacle"..."localPosition":{"x":2.181683..."y":0.0..."z":179.305634}}...{"type":"run_obstacle"..."localPosition":{"x":-2.56867242..."y":0.0..."z":10.5159187}}...{"type":"lane_run_obstacle"..."localPosition":{"x":1.71737075..."y":0.0..."z":3.023889}}...{"type":"jump_obstacle"..."localPosition":{"x":-2.473258..."y":0.0..."z":26.83907}}...{"type":"lane_run_obstacle"..."localPosition":{"x":-1.4597789..."y":0.0..."z":43.08054}}...{"type":"lane_jump_obstacle"..."localPosition":{"x":-1.3260417..."y":0.0..."z":72.27487}}...{"type":"lane_run_obstacle"..."localPosition":{"x":1.45214915..."y":0.0..."z":58.7960052}}...{"type":"run_obstacle"..."localPosition":{"x":-2.21191931..."y":0.0..."z":115.297211}}...{"type":"lane_jump_obstacle"..."localPosition":{"x":-0.457966924..."y":0.0..."z":101.824348}}...{"type":"run_obstacle"..."localPosition":{"x":-1.20565224..."y":0.0..."z":128.426361}}...{"type":"lane_run_obstacle"..."localPosition":{"x":-1.47187757..."y":0.0..."z":46.7741737}}...{"type":"lane_run_obstacle"..."localPosition":{"x":1.44325483..."y":0.0..."z":62.46154}}...{"type":"lane_run_obstacle"..."localPosition":{"x":1.94547224..."y":0.0..."z":169.439667}}...{"type":"lane_jump_obstacle"..."localPosition":{"x":-0.8624503..."y":0.0..."z":221.9293}}...{"type":"run_obstacle"..."localPosition":{"x":-2.38315821..."y":0.0..."z":233.145874}}...{"type":"lane_run_obstacle"..."localPosition":{"x":2.1035893..."y":0.0..."z":149.728821}}...{"type":"run_obstacle"..."localPosition":{"x":-0.51233387..."y":0.0..."z":186.92131}}...{"type":"run_obstacle"..."localPosition":{"x":-0.3947856..."y":0.0..."z":246.24202}}],[{"numberOfCoin":9..."localPosition":{"x":-0.0370805264..."y":0.5..."z":15.425827}..."benzierPointPositions":[{"x":-0.077693224..."y":4.76837158E-07..."z":-2.61883926}...{"x":-0.200618744..."y":2.333462..."z":0.789985657}...{"x":0.0..."y":0.0..."z":5.1577034}]}...{"numberOfCoin":9..."localPosition":{"x":3.28254771..."y":0.5..."z":24.811758}..."benzierPointPositions":[{"x":-0.077693224..."y":4.76837158E-07..."z":-2.61883926}...{"x":-0.200618744..."y":2.333462..."z":0.789999}...{"x":0.0..."y":0.0..."z":5.157957}]}...{"numberOfCoin":9..."localPosition":{"x":1.94379878..."y":0.5..."z":37.25533}..."benzierPointPositions":[{"x":-0.077693224..."y":4.76837158E-07..."z":-2.61883926}...{"x":-0.200618744..."y":2.333462..."z":0.7900009}...{"x":0.0..."y":0.0..."z":5.157978}]}...{"numberOfCoin":9..."localPosition":{"x":-2.23052239..."y":0.5..."z":27.25769}..."benzierPointPositions":[{"x":-0.077693224..."y":4.76837158E-07..."z":-2.61883926}...{"x":-0.200618744..."y":2.333462..."z":0.7900009}...{"x":0.0..."y":0.0..."z":5.157978}]}...{"numberOfCoin":10..."localPosition":{"x":1.21629572..."y":0.5..."z":138.9805}..."benzierPointPositions":[{"x":0.0..."y":0.0..."z":-2.0}...{"x":0.0..."y":0.0..."z":8.595596}]}...{"numberOfCoin":0..."localPosition":{"x":0.8714328..."y":0.5..."z":78.9946747}..."benzierPointPositions":[{"x":-0.03118372..."y":0.0..."z":-2.88379669}...{"x":-1.90694618..."y":0.0..."z":2.05188}...{"x":0.118436337..."y":0.0..."z":7.510399}...{"x":-1.81426716..."y":0.0..."z":13.6775665}...{"x":-0.0178031921..."y":0.0..."z":19.4477234}]}...{"numberOfCoin":8..."localPosition":{"x":-0.869854..."y":0.5..."z":119.7429}..."benzierPointPositions":[{"x":0.0..."y":0.0..."z":-2.0}...{"x":0.0..."y":0.0..."z":6.13266}]}...{"numberOfCoin":20..."localPosition":{"x":2.729013..."y":0.5..."z":193.325}..."benzierPointPositions":[{"x":-4.917714..."y":0.0..."z":-1.86187744}...{"x":0.0125217438..."y":0.0..."z":24.1057587}]}...{"numberOfCoin":9..."localPosition":{"x":-2.79328179..."y":0.5..."z":158.876358}..."benzierPointPositions":[{"x":-0.077693224..."y":4.76837158E-07..."z":-2.61882019}...{"x":-0.200618744..."y":2.333462..."z":0.7899933}...{"x":0.0..."y":0.0..."z":5.15803528}]}...{"numberOfCoin":8..."localPosition":{"x":1.53985429..."y":0.5..."z":160.967911}..."benzierPointPositions":[{"x":0.958511353..."y":-2.98023224E-08..."z":1.40174866}...{"x":1.99384427..."y":0.0..."z":2.96357727}...{"x":0.606373549..."y":0.0..."z":4.181076}...{"x":-0.76583457..."y":0.0..."z":2.83882141}...{"x":0.3292904..."y":0.0379747748..."z":1.48072815}]}...{"numberOfCoin":8..."localPosition":{"x":1.60260987..."y":0.5..."z":152.3283}..."benzierPointPositions":[{"x":0.958511353..."y":-2.98023224E-08..."z":1.40174866}...{"x":1.99384427..."y":0.0..."z":2.96357727}...{"x":0.606373549..."y":0.0..."z":4.181076}...{"x":-0.76583457..."y":0.0..."z":2.83882141}...{"x":0.3292904..."y":0.0379747748..."z":1.48072815}]}...{"numberOfCoin":20..."localPosition":{"x":-3.462284..."y":0.5..."z":225.5567}..."benzierPointPositions":[{"x":2.82971048..."y":0.0..."z":1.293396}...{"x":4.727478..."y":0.0..."z":8.160919}...{"x":3.344555..."y":0.0..."z":13.2735138}...{"x":6.02305841..."y":0.0..."z":18.1470947}...{"x":7.00226641..."y":0.6589546..."z":22.7494354}...{"x":3.86160326..."y":0.0..."z":29.1894531}]}...{"numberOfCoin":20..."localPosition":{"x":2.56426525..."y":0.5..."z":193.765289}..."benzierPointPositions":[{"x":0.2066884..."y":0.0..."z":-2.0}...{"x":-5.164485..."y":0.0..."z":24.1057587}]}],Modular,padding_3,end_4,0
,10006012,Block_1_7,road_1_4.road_1_5.road_14_3,[{"type":"jump_obstacle"..."localPosition":{"x":2.36983013..."y":6.556511E-07..."z":2.70504713}}...{"type":"lane_run_obstacle"..."localPosition":{"x":-1.93030381..."y":2.98023224E-07..."z":-5.311182}}...{"type":"jump_obstacle"..."localPosition":{"x":2.36983013..."y":6.556511E-07..."z":2.70504713}}...{"type":"lane_run_obstacle"..."localPosition":{"x":-1.93030381..."y":2.98023224E-07..."z":-5.311182}}...{"type":"jump_obstacle"..."localPosition":{"x":2.36983013..."y":6.556511E-07..."z":2.70504713}}...{"type":"lane_run_obstacle"..."localPosition":{"x":-1.93030381..."y":2.98023224E-07..."z":-5.311182}}...{"type":"jump_obstacle"..."localPosition":{"x":2.36983013..."y":6.556511E-07..."z":2.70504713}}...{"type":"lane_run_obstacle"..."localPosition":{"x":-1.93030381..."y":2.98023224E-07..."z":-5.311182}}],[{"numberOfCoin":8..."localPosition":{"x":2.63148546..."y":0.5000006..."z":-4.39363956}..."benzierPointPositions":[{"x":0.0..."y":0.0..."z":-2.0}...{"x":-3.49119616..."y":0.0..."z":7.06166124}]}...{"numberOfCoin":4..."localPosition":{"x":0.273149967..."y":0.5000006..."z":4.338365}..."benzierPointPositions":[{"x":-1.299222..."y":0.0..."z":2.88851929}...{"x":2.15857458..."y":0.0..."z":2.95257854}]}...{"numberOfCoin":4..."localPosition":{"x":-0.4594028..."y":0.5000006..."z":8.492031}..."benzierPointPositions":[{"x":-1.299222..."y":0.0..."z":2.888504}...{"x":2.18233824..."y":0.0..."z":2.95256233}]}...{"numberOfCoin":4..."localPosition":{"x":-0.21990633..."y":0.5000006..."z":6.46362066}..."benzierPointPositions":[{"x":-1.299222..."y":0.0..."z":2.888514}...{"x":2.18233824..."y":0.0..."z":2.95257235}]}...{"numberOfCoin":8..."localPosition":{"x":2.63148546..."y":0.5000006..."z":-4.39363956}..."benzierPointPositions":[{"x":0.0..."y":0.0..."z":-2.0}...{"x":-3.49119616..."y":0.0..."z":7.06166124}]}...{"numberOfCoin":4..."localPosition":{"x":0.273149967..."y":0.5000006..."z":4.338365}..."benzierPointPositions":[{"x":-1.299222..."y":0.0..."z":2.88851929}...{"x":2.15857458..."y":0.0..."z":2.95257854}]}...{"numberOfCoin":4..."localPosition":{"x":-0.4594028..."y":0.5000006..."z":8.492031}..."benzierPointPositions":[{"x":-1.299222..."y":0.0..."z":2.888504}...{"x":2.18233824..."y":0.0..."z":2.95256233}]}...{"numberOfCoin":4..."localPosition":{"x":-0.21990633..."y":0.5000006..."z":6.46362066}..."benzierPointPositions":[{"x":-1.299222..."y":0.0..."z":2.888514}...{"x":2.18233824..."y":0.0..."z":2.95257235}]}],Modular,padding_2,end_5,0
,10006013,Block_1_8,road_5_6.road_5_7.road_5_2.road_4_8.road_4_7.road_1_4.road_1_7.road_12_5.road_12_1.road_1_4.road_2_9.road_3_5.road_5_8.road_2_6.road_4_7.road_4_5.road_1_6.road_4_6,[{"type":"run_obstacle"..."localPosition":{"x":3.66050673..."y":0.0..."z":5.42584}}...{"type":"lane_jump_obstacle"..."localPosition":{"x":1.37944293..."y":0.0..."z":18.50018}}...{"type":"lane_run_obstacle"..."localPosition":{"x":-2.21006632..."y":0.0..."z":26.59016}}...{"type":"jump_obstacle"..."localPosition":{"x":-0.209416509..."y":0.0..."z":53.81101}}...{"type":"lane_run_obstacle"..."localPosition":{"x":-2.06091738..."y":0.0..."z":95.11716}}...{"type":"jump_obstacle"..."localPosition":{"x":2.87057257..."y":0.0..."z":95.542305}}...{"type":"lane_run_obstacle"..."localPosition":{"x":2.09090948..."y":0.0..."z":71.28821}}...{"type":"run_obstacle"..."localPosition":{"x":0.229116678..."y":0.0..."z":81.0705261}}...{"type":"run_obstacle"..."localPosition":{"x":-3.02549314..."y":0.0..."z":134.075912}}...{"type":"jump_obstacle"..."localPosition":{"x":1.86654115..."y":0.0..."z":56.8144073}}...{"type":"jump_obstacle"..."localPosition":{"x":-1.963696..."y":0.0..."z":50.64449}}...{"type":"lane_jump_obstacle"..."localPosition":{"x":-0.136826992..."y":0.0..."z":129.255524}}...{"type":"run_obstacle"..."localPosition":{"x":3.16186023..."y":0.0..."z":133.806839}}...{"type":"run_obstacle"..."localPosition":{"x":2.58491468..."y":0.0..."z":124.432022}}...{"type":"run_obstacle"..."localPosition":{"x":-2.474254..."y":0.0..."z":124.537994}}],[{"numberOfCoin":22..."localPosition":{"x":-0.10867548..."y":0.5..."z":6.84379148}..."benzierPointPositions":[{"x":1.10731363..."y":0.0..."z":-2.13232422}...{"x":1.16952324..."y":0.0..."z":3.14136553}...{"x":-2.463687..."y":0.0..."z":9.254566}...{"x":-1.50565624..."y":0.0..."z":14.5758839}...{"x":2.798255..."y":0.0..."z":18.9006557}...{"x":1.95558739..."y":0.0..."z":23.2591171}...{"x":-2.876615..."y":0.0..."z":26.9234314}]}...{"numberOfCoin":7..."localPosition":{"x":-3.29093885..."y":0.5..."z":51.9314575}..."benzierPointPositions":[{"x":-0.9153471..."y":0.0..."z":2.3860054}...{"x":5.282224..."y":0.0..."z":9.19286}]}...{"numberOfCoin":7..."localPosition":{"x":-1.94773531..."y":0.5..."z":43.12008}..."benzierPointPositions":[{"x":-0.9153471..."y":0.0..."z":2.38599777}...{"x":5.282224..."y":0.0..."z":9.192581}]}...{"numberOfCoin":20..."localPosition":{"x":-3.20519924..."y":0.5..."z":79.59408}..."benzierPointPositions":[{"x":3.134427..."y":0.0..."z":-2.51773071}...{"x":0.328417778..."y":0.0..."z":-1.15422821}...{"x":-0.3381338..."y":0.0..."z":3.058731}...{"x":1.54463291..."y":0.0..."z":5.89413452}...{"x":4.8797574..."y":0.0..."z":5.802147}...{"x":6.8375783..."y":0.0..."z":2.8638382}...{"x":5.97865772..."y":0.0..."z":-0.968841553}...{"x":3.86009932..."y":0.0..."z":-2.39975739}]}...{"numberOfCoin":9..."localPosition":{"x":-0.0657177..."y":0.5..."z":127.986542}..."benzierPointPositions":[{"x":-0.077693224..."y":4.76837158E-07..."z":-2.61883545}...{"x":-0.200618744..."y":2.333462..."z":0.789978}...{"x":0.0..."y":0.0..."z":5.15768433}]}...{"numberOfCoin":9..."localPosition":{"x":2.88376832..."y":0.5..."z":94.5695648}..."benzierPointPositions":[{"x":-0.077693224..."y":4.76837158E-07..."z":-2.61882782}...{"x":-0.200618744..."y":2.333462..."z":0.789985657}...{"x":0.0..."y":0.0..."z":5.157692}]}...{"numberOfCoin":5..."localPosition":{"x":3.33684158..."y":0.5..."z":114.847878}..."benzierPointPositions":[{"x":0.0..."y":0.0..."z":-2.0}...{"x":0.0..."y":0.0..."z":2.0}]}...{"numberOfCoin":5..."localPosition":{"x":-3.278737..."y":0.5..."z":105.229248}..."benzierPointPositions":[{"x":0.0..."y":0.0..."z":-2.0}...{"x":0.0..."y":0.0..."z":2.0}]}],Modular,padding_3,end_4,0
,10006014,Block_1_9,road_11_1.road_11_2.road_11_3.road_11_1.road_11_4.road_5_7.road_5_5,[{"type":"run_obstacle"..."localPosition":{"x":-4.74865532..."y":1.013279E-06..."z":32.09958}}...{"type":"jump_obstacle"..."localPosition":{"x":-3.447781..."y":1.13248825E-06..."z":17.8720322}}...{"type":"lane_jump_obstacle"..."localPosition":{"x":-2.351275..."y":1.13248825E-06..."z":4.85880136}}...{"type":"jump_obstacle"..."localPosition":{"x":0.632466555..."y":1.13248825E-06..."z":40.32413}}],[{"numberOfCoin":9..."localPosition":{"x":1.83264208..."y":0.5000011..."z":39.65625}..."benzierPointPositions":[{"x":-0.0776929855..."y":4.76837158E-07..."z":-2.61883926}...{"x":-0.200618744..."y":2.33346224..."z":0.789985657}...{"x":0.0..."y":0.0..."z":5.157715}]}...{"numberOfCoin":9..."localPosition":{"x":-3.148164..."y":0.5000011..."z":16.3883057}..."benzierPointPositions":[{"x":-0.077693224..."y":4.76837158E-07..."z":-2.61883926}...{"x":-0.200618744..."y":2.33346224..."z":0.789985657}...{"x":0.0..."y":0.0..."z":5.157711}]}...{"numberOfCoin":3..."localPosition":{"x":-2.56278276..."y":0.5000011..."z":24.9031372}..."benzierPointPositions":[{"x":-1.413887..."y":-3.81469727E-06..."z":1.37384033}...{"x":1.50499821..."y":1.90734863E-06..."z":1.37883377}]}...{"numberOfCoin":3..."localPosition":{"x":-2.54907656..."y":0.5000011..."z":10.569685}..."benzierPointPositions":[{"x":-1.413887..."y":-3.81469727E-06..."z":1.37384033}...{"x":1.50499821..."y":1.90734863E-06..."z":1.37883377}]}...{"numberOfCoin":3..."localPosition":{"x":-2.56278276..."y":0.5000011..."z":8.469118}..."benzierPointPositions":[{"x":-1.413887..."y":-3.81469727E-06..."z":1.37384033}...{"x":1.50499821..."y":1.90734863E-06..."z":1.37883377}]}...{"numberOfCoin":3..."localPosition":{"x":-2.56278276..."y":0.5000011..."z":23.0765343}..."benzierPointPositions":[{"x":-1.413887..."y":-3.81469727E-06..."z":1.37384033}...{"x":1.50499821..."y":1.90734863E-06..."z":1.37883377}]}...{"numberOfCoin":9..."localPosition":{"x":0.382446051..."y":0.5000011..."z":39.65625}..."benzierPointPositions":[{"x":-0.077693224..."y":4.76837158E-07..."z":-2.61883926}...{"x":-0.200618744..."y":2.33346224..."z":0.789985657}...{"x":0.0..."y":0.0..."z":5.157715}]}],Modular,padding_5,end_4,0
,10006015,Block_1_10,road_1_4.road_1_5.road_1_8.road_11_4.road_4_9.road_4_2.road_11_4.road_2_3.road_2_6.road_11_2.road_5_8.road_3_3.road_11_3,[{"type":"lane_run_obstacle"..."localPosition":{"x":-2.220353..."y":2.98023224E-07..."z":3.0311656}}...{"type":"run_obstacle"..."localPosition":{"x":2.6043756..."y":2.98023224E-07..."z":-4.95882654}}...{"type":"lane_jump_obstacle"..."localPosition":{"x":-1.77324462..."y":6.556511E-07..."z":78.95796}}...{"type":"run_obstacle"..."localPosition":{"x":-1.796279..."y":2.98023224E-07..."z":61.4433975}}...{"type":"run_obstacle"..."localPosition":{"x":1.56230378..."y":2.98023224E-07..."z":73.77674}}...{"type":"run_obstacle"..."localPosition":{"x":-1.15508485..."y":2.98023224E-07..."z":28.50903}}...{"type":"jump_obstacle"..."localPosition":{"x":-0.0149524212..."y":6.556511E-07..."z":42.96203}}...{"type":"run_obstacle"..."localPosition":{"x":0.51887536..."y":2.98023224E-07..."z":30.6407051}}],[{"numberOfCoin":20..."localPosition":{"x":3.05505967..."y":0.5000006..."z":3.83660269}..."benzierPointPositions":[{"x":0.0..."y":0.0..."z":-2.0}...{"x":-0.5591774..."y":0.0..."z":5.402701}...{"x":-3.74567032..."y":0.0..."z":7.45625734}...{"x":-3.57220459..."y":0.0..."z":19.2929478}...{"x":-0.6613312..."y":0.0..."z":23.00414}...{"x":0.11766243..."y":0.0..."z":30.97143}]}...{"numberOfCoin":9..."localPosition":{"x":-0.135333776..."y":0.5000006..."z":42.3427773}..."benzierPointPositions":[{"x":-0.077693224..."y":4.76837158E-07..."z":-2.61883926}...{"x":-0.200618744..."y":2.33346224..."z":0.7899895}...{"x":0.0..."y":0.0..."z":5.157707}]}...{"numberOfCoin":8..."localPosition":{"x":-2.49438024..."y":0.5000006..."z":55.2127037}..."benzierPointPositions":[{"x":0.958511353..."y":0.0..."z":1.40175247}...{"x":1.99384427..."y":0.0..."z":2.96363449}...{"x":0.606373549..."y":0.0..."z":4.181141}...{"x":-0.76583457..."y":0.0..."z":2.83887482}...{"x":0.3292904..."y":0.0379747748..."z":1.480732}]}...{"numberOfCoin":8..."localPosition":{"x":-0.5614455..."y":0.5000006..."z":91.0527649}..."benzierPointPositions":[{"x":0.958511353..."y":0.0..."z":1.40174866}...{"x":1.99384427..."y":0.0..."z":2.96357727}...{"x":0.606373549..."y":0.0..."z":4.181076}...{"x":-0.76583457..."y":0.0..."z":2.83882141}...{"x":0.3292904..."y":0.0379747748..."z":1.48072815}]}...{"numberOfCoin":9..."localPosition":{"x":-3.36446929..."y":0.5000006..."z":78.60516}..."benzierPointPositions":[{"x":-0.077693224..."y":4.76837158E-07..."z":-2.61883545}...{"x":-0.200618744..."y":2.33346224..."z":0.7899933}...{"x":0.0..."y":0.0..."z":5.157707}]}...{"numberOfCoin":9..."localPosition":{"x":-1.6896894..."y":0.5000006..."z":78.75073}..."benzierPointPositions":[{"x":-0.077693224..."y":4.76837158E-07..."z":-2.61883545}...{"x":-0.200618744..."y":2.33346224..."z":0.7899933}...{"x":0.0..."y":0.0..."z":5.157707}]}],Modular,padding_1,end_1,0
,10006016,Easy_Block_1_1,road_1_5.road_1_6.road_4_9.road_4_3.road_5_2.road_5_4.road_2_2.road_2_3.road_2_8.road_4_7.road_4_5,[{"type":"lane_jump_obstacle"..."localPosition":{"x":-0.414246559..."y":-1.90734863E-06..."z":31.54283}}...{"type":"lane_run_obstacle"..."localPosition":{"x":1.72352028..."y":-1.90734863E-06..."z":6.47739}}...{"type":"run_obstacle"..."localPosition":{"x":-0.426432133..."y":-5.722046E-06..."z":57.3039742}}...{"type":"jump_obstacle"..."localPosition":{"x":-3.115087..."y":-1.90734863E-06..."z":79.4347839}}...{"type":"run_obstacle"..."localPosition":{"x":2.19047117..."y":-3.81469727E-06..."z":44.5263}}],[{"numberOfCoin":18..."localPosition":{"x":-2.868567..."y":0.4999981..."z":9.07299}..."benzierPointPositions":[{"x":0.0..."y":0.0..."z":-2.0}...{"x":1.63891029..."y":3.81469727E-06..."z":5.092762}...{"x":5.903351..."y":3.81469727E-06..."z":10.4122639}...{"x":6.600194..."y":0.0..."z":18.8055439}...{"x":6.56326962..."y":0.0..."z":26.3064461}]}...{"numberOfCoin":11..."localPosition":{"x":3.20826387..."y":0.4999981..."z":59.06051}..."benzierPointPositions":[{"x":-0.247655869..."y":1.90734863E-06..."z":-1.97999573}...{"x":-0.231712341..."y":-1.90734863E-06..."z":11.5091476}]}...{"numberOfCoin":7..."localPosition":{"x":0.275701046..."y":0.4999981..."z":18.7735577}..."benzierPointPositions":[{"x":-0.09929085..."y":1.90734863E-06..."z":-2.7161293}...{"x":0.0..."y":0.0..."z":8.373623}]}...{"numberOfCoin":9..."localPosition":{"x":0.08417153..."y":0.4999981..."z":30.2267246}..."benzierPointPositions":[{"x":-0.077693224..."y":4.76837158E-07..."z":-2.61883926}...{"x":-0.200618744..."y":2.333462..."z":0.7899895}...{"x":0.0..."y":0.0..."z":5.15770531}]}...{"numberOfCoin":8..."localPosition":{"x":-0.4549353..."y":0.4999981..."z":48.62414}..."benzierPointPositions":[{"x":0.958511353..."y":-2.98023224E-08..."z":1.40174866}...{"x":1.99384427..."y":0.0..."z":2.96357727}...{"x":0.606373549..."y":0.0..."z":4.181076}...{"x":-0.76583457..."y":0.0..."z":2.83882141}...{"x":0.3292904..."y":0.0379747748..."z":1.48072815}]}...{"numberOfCoin":11..."localPosition":{"x":-2.46380663..."y":0.4999981..."z":64.87059}..."benzierPointPositions":[{"x":-0.247655869..."y":1.90734863E-06..."z":-1.97999573}...{"x":-0.231712341..."y":-1.90734863E-06..."z":11.5091476}]}],Modular,padding_2,end_5,0
,10006017,Easy_Block_1_2,road_4_6.road_4_7.road_11_1.road_4_6.road_11_1.road_4_6.road_11_4.road_4_6,[{"type":"lane_jump_obstacle"..."localPosition":{"x":0.430256128..."y":0.0..."z":40.6112}}...{"type":"run_obstacle"..."localPosition":{"x":-2.636831..."y":0.0..."z":31.6392117}}...{"type":"run_obstacle"..."localPosition":{"x":3.20061326..."y":0.0..."z":49.0586433}}...{"type":"jump_obstacle"..."localPosition":{"x":0.07064748..."y":0.0..."z":11.28204}}],[{"numberOfCoin":9..."localPosition":{"x":1.15692186..."y":0.5..."z":39.0983}..."benzierPointPositions":[{"x":-0.077693224..."y":4.76837158E-07..."z":-2.61883926}...{"x":-0.2006188..."y":2.333462..."z":0.789985657}...{"x":0.0..."y":0.0..."z":5.157692}]}...{"numberOfCoin":9..."localPosition":{"x":-0.2129209..."y":0.5..."z":10.0287151}..."benzierPointPositions":[{"x":-0.077693224..."y":4.76837158E-07..."z":-2.61883974}...{"x":-0.200618714..."y":2.333462..."z":0.789985657}...{"x":0.0..."y":0.0..."z":5.157694}]}...{"numberOfCoin":8..."localPosition":{"x":0.804599047..."y":0.5..."z":48.3051643}..."benzierPointPositions":[{"x":0.320327759..."y":0.0..."z":-2.864853}...{"x":-1.6805315..."y":0.0..."z":3.47393036}...{"x":0.323570728..."y":0.0..."z":8.802502}]}...{"numberOfCoin":10..."localPosition":{"x":-1.08443332..."y":0.5..."z":22.3351727}..."benzierPointPositions":[{"x":0.282320023..."y":0.0..."z":-1.8210125}...{"x":2.38536453..."y":0.0..."z":4.04756165}...{"x":0.387506962..."y":0.0..."z":9.901442}]}],Modular,padding_4,end_4,0
,10006018,Easy_Block_1_3,road_1_6.road_1_7.road_4_8.road_5_2.road_2_6.road_14_2.road_14_3.road_14_1.road_14_4,[{"type":"jump_obstacle"..."localPosition":{"x":3.262143..."y":6.556511E-07..."z":9.505098}}...{"type":"run_obstacle"..."localPosition":{"x":-1.42970133..."y":2.98023224E-07..."z":45.1574364}}...{"type":"run_obstacle"..."localPosition":{"x":-1.7234962..."y":2.98023224E-07..."z":49.73038}}...{"type":"run_obstacle"..."localPosition":{"x":2.41095686..."y":2.98023224E-07..."z":29.3196526}}],[{"numberOfCoin":11..."localPosition":{"x":2.60654..."y":0.5000006..."z":14.8476982}..."benzierPointPositions":[{"x":0.0..."y":0.0..."z":-2.0}...{"x":0.0..."y":0.0..."z":12.1353073}]}...{"numberOfCoin":11..."localPosition":{"x":0.99847126..."y":0.5000006..."z":14.8476982}..."benzierPointPositions":[{"x":0.0..."y":0.0..."z":-2.0}...{"x":0.0..."y":0.0..."z":12.1353073}]}...{"numberOfCoin":6..."localPosition":{"x":-0.730476..."y":0.5000006..."z":56.94374}..."benzierPointPositions":[{"x":-0.189101219..."y":0.0..."z":-1.30706024}...{"x":1.854641..."y":0.0..."z":5.42136}]}...{"numberOfCoin":11..."localPosition":{"x":-0.5229291..."y":0.5000006..."z":14.8476982}..."benzierPointPositions":[{"x":0.0..."y":0.0..."z":-2.0}...{"x":0.0..."y":0.0..."z":12.1353073}]}...{"numberOfCoin":9..."localPosition":{"x":1.25942147..."y":0.5000006..."z":46.6555672}..."benzierPointPositions":[{"x":-0.077693224..."y":4.76837158E-07..."z":-2.618843}...{"x":-0.200618744..."y":2.33346224..."z":0.789985657}...{"x":0.0..."y":0.0..."z":5.157688}]}...{"numberOfCoin":6..."localPosition":{"x":-0.730476..."y":0.5000006..."z":35.3374252}..."benzierPointPositions":[{"x":-0.189101219..."y":0.0..."z":-1.30706024}...{"x":1.854641..."y":0.0..."z":5.42137527}]}],Modular,padding_2,end_5,0
,10006019,Easy_Block_1_4,road_5_4.road_5_5.road_12_4,[{"type":"run_obstacle"..."localPosition":{"x":2.689963..."y":0.0..."z":12.3481693}}...{"type":"run_obstacle"..."localPosition":{"x":-2.4103303..."y":0.0..."z":-3.678893}}],[{"numberOfCoin":13..."localPosition":{"x":3.00166559..."y":0.5..."z":-1.69688845}..."benzierPointPositions":[{"x":0.6776123..."y":0.0..."z":-1.49884963}...{"x":-4.8566246..."y":1.90734863E-06..."z":7.196312}...{"x":-3.7177372..."y":0.0..."z":13.739748}]}],Modular,padding_3,end_3,0
,10006020,Easy_Block_1_5,road_5_9.road_5_8.road_2_2.road_2_5.road_1_7.road_14_3.road_11_2,[{"type":"run_obstacle"..."localPosition":{"x":-3.537394..."y":0.0..."z":2.29910469}}...{"type":"run_obstacle"..."localPosition":{"x":0.1482768..."y":0.0..."z":20.7374649}}...{"type":"jump_obstacle"..."localPosition":{"x":3.08178616..."y":0.0..."z":12.653347}}],[{"numberOfCoin":20..."localPosition":{"x":-3.20519924..."y":0.5..."z":19.1437588}..."benzierPointPositions":[{"x":3.134427..."y":0.0..."z":-2.517727}...{"x":0.328417778..."y":0.0..."z":-1.1542244}...{"x":-0.3381338..."y":0.0..."z":3.058733}...{"x":1.54463291..."y":0.0..."z":5.894083}...{"x":4.8797574..."y":0.0..."z":5.80209541}...{"x":6.8375783..."y":0.0..."z":2.8638382}...{"x":5.97865772..."y":0.0..."z":-0.968837738}...{"x":3.86009932..."y":0.0..."z":-2.39975357}]}...{"numberOfCoin":5..."localPosition":{"x":-1.54738688..."y":0.5..."z":4.58835649}..."benzierPointPositions":[{"x":0.0..."y":0.0..."z":-2.0}...{"x":5.125227..."y":0.0..."z":-1.96544933}]}...{"numberOfCoin":6..."localPosition":{"x":-1.334171..."y":0.5..."z":10.3718281}..."benzierPointPositions":[{"x":-1.31417084..."y":0.0..."z":-2.0}...{"x":5.125227..."y":0.0..."z":-1.96544838}]}...{"numberOfCoin":6..."localPosition":{"x":-1.334171..."y":0.5..."z":7.53602076}..."benzierPointPositions":[{"x":-1.31417084..."y":0.0..."z":-2.0}...{"x":5.125227..."y":0.0..."z":-1.96544838}]}...{"numberOfCoin":9..."localPosition":{"x":0.321563959..."y":0.5..."z":39.4184532}..."benzierPointPositions":[{"x":-0.077693224..."y":4.76837158E-07..."z":-2.61883926}...{"x":-0.200618744..."y":2.333462..."z":0.7899933}...{"x":0.0..."y":0.0..."z":5.157707}]}],Modular,padding_1,end_2,0
,10006021,Easy_Block_1_6,road_2_3.road_2_4.road_5_7.road_4_9.road_3_9,[{"type":"lane_run_obstacle"..."localPosition":{"x":2.23884964..."y":0.0..."z":20.3488579}}...{"type":"lane_run_obstacle"..."localPosition":{"x":1.93125045..."y":0.0..."z":-4.58255625}}],[{"numberOfCoin":25..."localPosition":{"x":-1.89568949..."y":0.5..."z":4.71832037}..."benzierPointPositions":[{"x":0.1367178..."y":0.0..."z":-1.73242188}...{"x":4.174939..."y":0.0..."z":2.42042542}...{"x":4.17847157..."y":0.0..."z":7.297652}...{"x":0.7270069..."y":0.0..."z":10.80386}...{"x":-0.984003067..."y":-3.81469727E-06..."z":15.2517834}...{"x":-0.5743866..."y":1.90734863E-06..."z":18.7270069}...{"x":1.86613846..."y":0.0..."z":22.7419968}]}],Modular,padding_3,end_3,0
,10006022,Easy_Block_1_7,road_2_3.road_2_2.road_14_3.road_12_2.road_12_4,[{"type":"lane_jump_obstacle"..."localPosition":{"x":1.7968123..."y":0.0..."z":3.273975}}...{"type":"jump_obstacle"..."localPosition":{"x":-3.0502553..."y":0.0..."z":23.2170143}}...{"type":"run_obstacle"..."localPosition":{"x":-2.75150824..."y":0.0..."z":3.115848}}],[{"numberOfCoin":9..."localPosition":{"x":-2.46995425..."y":0.5..."z":21.6293888}..."benzierPointPositions":[{"x":-0.0584023..."y":4.76837158E-07..."z":-2.654173}...{"x":-0.200618744..."y":2.333462..."z":0.789985657}...{"x":0.0..."y":0.0..."z":5.157791}]}...{"numberOfCoin":12..."localPosition":{"x":-0.5221715..."y":0.5..."z":14.9647675}..."benzierPointPositions":[{"x":0.823232651..."y":-1.90734863E-06..."z":-1.34453583}...{"x":3.40519667..."y":0.0..."z":14.2705135}]}...{"numberOfCoin":3..."localPosition":{"x":-0.065969944..."y":0.5..."z":15.5293674}..."benzierPointPositions":[{"x":0.0..."y":0.0..."z":-2.0}...{"x":-2.35308361..."y":0.0..."z":3.10782814}]}...{"numberOfCoin":9..."localPosition":{"x":0.3297856..."y":0.5..."z":2.85949564}..."benzierPointPositions":[{"x":-0.077693224..."y":4.76837158E-07..."z":-2.61883974}...{"x":-0.200618744..."y":2.333462..."z":0.789985657}...{"x":0.0..."y":0.0..."z":5.157703}]}],Modular,padding_2,end_2,0
,10006023,Easy_Block_1_8,road_1_5.road_1_6.road_5_6.road_4_8.road_5_6.road_4_8.road_5_6.road_4_8.road_4_9.road_2_5,[{"type":"lane_run_obstacle"..."localPosition":{"x":-1.91629553..."y":-1.90734863E-06..."z":55.34546}}...{"type":"run_obstacle"..."localPosition":{"x":3.645724..."y":-1.90734863E-06..."z":35.8182}}...{"type":"run_obstacle"..."localPosition":{"x":-1.75212872..."y":-1.90734863E-06..."z":14.7422256}}...{"type":"lane_run_obstacle"..."localPosition":{"x":-1.91629553..."y":-1.90734863E-06..."z":55.34546}}...{"type":"run_obstacle"..."localPosition":{"x":3.645724..."y":-1.90734863E-06..."z":35.8182}}...{"type":"run_obstacle"..."localPosition":{"x":-1.75212872..."y":-1.90734863E-06..."z":14.7422256}}],[{"numberOfCoin":14..."localPosition":{"x":0.6800535..."y":0.4999981..."z":12.6813583}..."benzierPointPositions":[{"x":-0.645339966..."y":0.0..."z":-3.57942581}...{"x":1.913744..."y":0.0..."z":2.405754}...{"x":-1.87142181..."y":0.0..."z":8.259336}...{"x":1.33442664..."y":0.0..."z":14.1587391}...{"x":-1.08918023..."y":0.0..."z":20.06551}]}...{"numberOfCoin":9..."localPosition":{"x":-2.16874385..."y":0.4999981..."z":64.68056}..."benzierPointPositions":[{"x":-0.077693224..."y":4.76837158E-07..."z":-2.618843}...{"x":-0.200618744..."y":2.333462..."z":0.789985657}...{"x":0.0..."y":0.0..."z":5.157692}]}...{"numberOfCoin":9..."localPosition":{"x":3.34303975..."y":0.4999981..."z":49.4283028}..."benzierPointPositions":[{"x":-0.077693224..."y":4.76837158E-07..."z":-2.61883926}...{"x":-0.200618744..."y":2.333462..."z":0.789985657}...{"x":0.0..."y":0.0..."z":5.157692}]}],Modular,padding_1,end_5,0
,10006024,Easy_Block_1_9,road_2_2.road_2_3.road_2_3.road_2_5.road_11_3.road_1_2.road_3_9.road_3_3.road_11_4,[{"type":"run_obstacle"..."localPosition":{"x":-7.15255737E-06..."y":0.0..."z":8.89399}}...{"type":"run_obstacle"..."localPosition":{"x":-7.15255737E-06..."y":0.0..."z":43.4982338}}],[{"numberOfCoin":22..."localPosition":{"x":-0.331743956..."y":0.5..."z":5.03946829}..."benzierPointPositions":[{"x":1.88440251..."y":0.0..."z":-1.7538929}...{"x":3.51131058..."y":0.0..."z":4.211718}...{"x":1.62068152..."y":0.0..."z":9.822945}...{"x":1.14889121..."y":0.0..."z":18.1432552}...{"x":1.21261859..."y":0.0..."z":26.5584965}...{"x":1.43365979..."y":0.0..."z":34.06616}...{"x":3.4163537..."y":0.0..."z":37.97537}...{"x":1.50852942..."y":0.0..."z":43.8032074}]}...{"numberOfCoin":22..."localPosition":{"x":-3.02233648..."y":0.5..."z":5.02186728}..."benzierPointPositions":[{"x":2.098199..."y":0.0..."z":-1.90008354}...{"x":-0.520799637..."y":0.0..."z":3.3502183}...{"x":1.62068176..."y":0.0..."z":9.822945}...{"x":2.719965..."y":0.0..."z":18.1423473}...{"x":2.74511242..."y":0.0..."z":27.1451817}...{"x":2.02956581..."y":0.0..."z":34.0286}...{"x":-0.301923752..."y":0.0..."z":38.2100372}...{"x":2.65633..."y":0.0..."z":43.8985329}]}...{"numberOfCoin":8..."localPosition":{"x":0.200099468..."y":0.5..."z":56.4716644}..."benzierPointPositions":[{"x":-0.077693224..."y":4.76837158E-07..."z":-2.03697586}...{"x":-0.200618744..."y":1.97806191..."z":0.789985657}...{"x":0.0..."y":0.0..."z":5.062065}]}],Modular,padding_2,end_4,0
,10006025,Easy_Block_1_10,road_12_3.road_12_2.road_12_2.road_12_1.road_12_4.road_11_4.road_11_2.road_11_1.road_11_2.road_12_3.road_4_5.road_3_4.road_3_6.road_3_7.road_3_8,[{"type":"run_obstacle"..."localPosition":{"x":-3.35221529..."y":1.07288361E-06..."z":11.2200031}}...{"type":"lane_run_obstacle"..."localPosition":{"x":2.26216078..."y":1.07288361E-06..."z":76.4938}}...{"type":"lane_run_obstacle"..."localPosition":{"x":-1.91185045..."y":1.07288361E-06..."z":103.945541}}...{"type":"lane_jump_obstacle"..."localPosition":{"x":0.0528941154..."y":1.1920929E-06..."z":29.404911}}...{"type":"jump_obstacle"..."localPosition":{"x":-1.3487668..."y":1.1920929E-06..."z":52.48409}}],[{"numberOfCoin":8..."localPosition":{"x":0.3030976..."y":0.5000012..."z":10.4526291}..."benzierPointPositions":[{"x":0.9920831..."y":0.0..."z":-0.63331604}...{"x":-4.127792..."y":0.0..."z":11.18807}]}...{"numberOfCoin":13..."localPosition":{"x":2.75901914..."y":0.5000012..."z":82.92698}..."benzierPointPositions":[{"x":0.0..."y":0.0..."z":-2.0}...{"x":-5.751219..."y":0.0..."z":18.0221939}]}...{"numberOfCoin":9..."localPosition":{"x":-1.02096868..."y":0.5000012..."z":51.6786957}..."benzierPointPositions":[{"x":-0.077693224..."y":4.76837158E-07..."z":-2.61883926}...{"x":-0.200618744..."y":2.333462..."z":0.7899895}...{"x":0.0..."y":0.0..."z":5.15774536}]}...{"numberOfCoin":9..."localPosition":{"x":0.227372408..."y":0.5000012..."z":28.3720818}..."benzierPointPositions":[{"x":-0.077693224..."y":4.76837158E-07..."z":-2.61883926}...{"x":-0.200618744..."y":2.333462..."z":0.7899895}...{"x":0.0..."y":0.0..."z":5.157696}]}...{"numberOfCoin":13..."localPosition":{"x":-2.37531829..."y":0.5000012..."z":82.44737}..."benzierPointPositions":[{"x":0.0..."y":0.0..."z":-2.0}...{"x":4.62766266..."y":0.0..."z":18.4853668}]}...{"numberOfCoin":8..."localPosition":{"x":-0.472619534..."y":0.5000012..."z":115.942047}..."benzierPointPositions":[{"x":0.9585109..."y":0.0..."z":1.40174866}...{"x":1.99384451..."y":0.0..."z":2.96357727}...{"x":0.606372356..."y":0.0..."z":4.181076}...{"x":-0.7658348..."y":0.0..."z":2.83882141}...{"x":0.3292899..."y":0.0379747748..."z":1.48072815}]}],Modular,padding_2,end_1,0
,10006026,Easy_Block_1_11,road_1_2.road_1_4.road_4_7.road_1_7.road_1_8.road_3_9.road_2_7.road_1_7.road_3_3.road_5_6.road_2_5.road_2_2.road_11_4.road_3_2.road_5_9.road_5_8,[{"type":"lane_run_obstacle"..."localPosition":{"x":1.74736214..."y":-1.90734863E-06..."z":34.03089}}...{"type":"jump_obstacle"..."localPosition":{"x":-0.006817788..."y":-1.90734863E-06..."z":96.47165}}...{"type":"lane_jump_obstacle"..."localPosition":{"x":0.208004713..."y":-1.90734863E-06..."z":11.4351406}}...{"type":"lane_run_obstacle"..."localPosition":{"x":-2.004751..."y":-1.90734863E-06..."z":54.0084839}}...{"type":"jump_obstacle"..."localPosition":{"x":-1.38096476..."y":-1.90734863E-06..."z":78.86551}}],[{"numberOfCoin":9..."localPosition":{"x":-2.4570992..."y":0.4999981..."z":21.62454}..."benzierPointPositions":[{"x":-0.109666586..."y":4.76837158E-07..."z":-2.43131638}...{"x":-0.200618744..."y":2.333462..."z":0.7900009}...{"x":-4.76837158E-07..."y":0.0..."z":5.1578064}]}...{"numberOfCoin":9..."localPosition":{"x":3.16348624..."y":0.4999981..."z":45.0366}..."benzierPointPositions":[{"x":-0.109666586..."y":4.76837158E-07..."z":-2.43132019}...{"x":-0.200618744..."y":2.333462..."z":0.7900009}...{"x":0.0..."y":0.0..."z":5.15774536}]}...{"numberOfCoin":9..."localPosition":{"x":0.482391417..."y":0.4999981..."z":95.52357}..."benzierPointPositions":[{"x":-0.109666586..."y":4.76837158E-07..."z":-2.43132019}...{"x":-0.200618744..."y":2.333462..."z":0.7899933}...{"x":0.0..."y":0.0..."z":5.15753174}]}...{"numberOfCoin":10..."localPosition":{"x":1.64304507..."y":0.4999981..."z":108.649506}..."benzierPointPositions":[{"x":-0.96847105..."y":-1.90734863E-06..."z":-4.12838745}...{"x":1.58340251..."y":0.0..."z":6.761261}]}...{"numberOfCoin":9..."localPosition":{"x":-0.6091494..."y":0.4999981..."z":95.4740448}..."benzierPointPositions":[{"x":-0.109666586..."y":4.76837158E-07..."z":-2.43132019}...{"x":-0.200618744..."y":2.333462..."z":0.7899933}...{"x":0.0..."y":0.0..."z":5.15753174}]}...{"numberOfCoin":10..."localPosition":{"x":0.1475234..."y":0.4999981..."z":108.649506}..."benzierPointPositions":[{"x":-0.1608162..."y":-1.90734863E-06..."z":-3.925949}...{"x":-3.67062044..."y":0.0..."z":6.761261}]}...{"numberOfCoin":11..."localPosition":{"x":1.22215128..."y":0.4999981..."z":64.2290344}..."benzierPointPositions":[{"x":-3.436655..."y":-1.90734863E-06..."z":-1.55052185}...{"x":0.510734558..."y":1.90734863E-06..."z":5.561699}...{"x":0.423828125..."y":3.81469727E-06..."z":15.2420883}]}...{"numberOfCoin":8..."localPosition":{"x":-3.30177855..."y":0.4999981..."z":31.1376019}..."benzierPointPositions":[{"x":0.958511353..."y":0.0..."z":1.40175819}...{"x":1.99384475..."y":0.0..."z":2.963583}...{"x":0.606372833..."y":0.0..."z":4.18107033}...{"x":-0.765835047..."y":0.0..."z":2.83882713}...{"x":0.3292904..."y":0.0379747748..."z":1.4807415}]}...{"numberOfCoin":8..."localPosition":{"x":2.3665545..."y":0.4999981..."z":51.276825}..."benzierPointPositions":[{"x":0.958511353..."y":-2.98023224E-08..."z":1.40174866}...{"x":1.99384475..."y":0.0..."z":2.96356964}...{"x":0.606372833..."y":0.0..."z":4.181061}...{"x":-0.765835047..."y":0.0..."z":2.83881378}...{"x":0.3292904..."y":0.0379747748..."z":1.48072815}]}],Modular,padding_2,end_3,0
,10006027,Easy_Block_1_12,road_1_7.road_1_8.road_12_1.road_14_1.road_14_1.road_11_2.road_11_4.road_5_9.road_4_7.road_1_5.road_2_4.road_2_5.road_4_4.road_3_3.road_1_7.road_1_6,[{"type":"lane_jump_obstacle"..."localPosition":{"x":-0.129430532..."y":-7.15255737E-07..."z":12.092905}}...{"type":"lane_jump_obstacle"..."localPosition":{"x":0.07928872..."y":-7.15255737E-07..."z":48.2957535}}...{"type":"run_obstacle"..."localPosition":{"x":2.90127182..."y":-8.34465E-07..."z":78.09204}}...{"type":"run_obstacle"..."localPosition":{"x":-0.913336754..."y":-8.34465E-07..."z":60.068943}}...{"type":"lane_jump_obstacle"..."localPosition":{"x":1.74429727..."y":-7.15255737E-07..."z":94.0131149}}...{"type":"jump_obstacle"..."localPosition":{"x":-2.72527432..."y":-7.15255737E-07..."z":93.9626846}}],[{"numberOfCoin":9..."localPosition":{"x":3.75601649..."y":0.499999285..."z":92.93686}..."benzierPointPositions":[{"x":-0.0776929855..."y":4.76837158E-07..."z":-2.618843}...{"x":-0.200618744..."y":2.33346152..."z":0.7899704}...{"x":0.0..."y":0.0..."z":5.157631}]}...{"numberOfCoin":12..."localPosition":{"x":4.510542..."y":0.499999285..."z":72.9665146}..."benzierPointPositions":[{"x":-1.93743563..."y":0.0..."z":-5.98255157}...{"x":-7.22390842..."y":0.0..."z":4.82274628}...{"x":-1.69080663..."y":0.0..."z":14.538887}]}...{"numberOfCoin":10..."localPosition":{"x":-0.3625486..."y":0.499999285..."z":106.649986}..."benzierPointPositions":[{"x":3.21125746..."y":1.90734863E-06..."z":-4.70782471}...{"x":-1.718957..."y":1.90734863E-06..."z":3.61994934}...{"x":-1.81159258..."y":0.0..."z":12.2541733}]}...{"numberOfCoin":9..."localPosition":{"x":0.226787329..."y":0.499999285..."z":46.5231972}..."benzierPointPositions":[{"x":-0.077693224..."y":4.76837158E-07..."z":-2.61883926}...{"x":-0.200618744..."y":2.333462..."z":0.789981842}...{"x":-3.59958076..."y":1.90734863E-06..."z":5.210285}]}...{"numberOfCoin":9..."localPosition":{"x":0.08416581..."y":0.499999285..."z":10.2855186}..."benzierPointPositions":[{"x":-0.077693224..."y":4.76837158E-07..."z":-2.61883879}...{"x":-0.200618714..."y":2.333462..."z":0.789983749}...{"x":0.0..."y":0.0..."z":5.157686}]}...{"numberOfCoin":9..."localPosition":{"x":2.04975319..."y":0.499999285..."z":46.5231972}..."benzierPointPositions":[{"x":-0.077693224..."y":4.76837158E-07..."z":-2.61883926}...{"x":-0.200618744..."y":2.333462..."z":0.789981842}...{"x":1.16762352..."y":1.90734863E-06..."z":5.22882843}]}...{"numberOfCoin":7..."localPosition":{"x":-0.942302465..."y":0.499999285..."z":30.1559143}..."benzierPointPositions":[{"x":0.0..."y":0.0..."z":-2.0}...{"x":0.0413723..."y":0.0..."z":8.471813}]}...{"numberOfCoin":7..."localPosition":{"x":0.5713866..."y":0.499999285..."z":19.54932}..."benzierPointPositions":[{"x":0.0..."y":0.0..."z":-2.0}...{"x":0.0413723..."y":0.0..."z":8.471821}]}],Modular,padding_4,end_5,0
,10006028,Easy_Block_1_13,road_1_8.road_1_1.road_2_4.road_5_5.road_5_7.road_11_2.road_11_1.road_12_2.road_12_5.road_12_4.road_5_4.road_5_5.road_14_2,[{"type":"jump_obstacle"..."localPosition":{"x":-2.31786966..."y":-1.7285347E-06..."z":3.658362}}...{"type":"jump_obstacle"..."localPosition":{"x":-0.09935939..."y":-1.7285347E-06..."z":39.7507744}}...{"type":"run_obstacle"..."localPosition":{"x":3.18711..."y":-1.847744E-06..."z":17.7124214}}...{"type":"run_obstacle"..."localPosition":{"x":-0.01830411..."y":-1.847744E-06..."z":77.2298}}],[{"numberOfCoin":12..."localPosition":{"x":-1.77593517..."y":0.4999982..."z":7.74264765}..."benzierPointPositions":[{"x":0.262550354..."y":0.0..."z":0.142921448}...{"x":4.755062..."y":0.0..."z":20.6725445}]}...{"numberOfCoin":5..."localPosition":{"x":-0.317803383..."y":0.4999982..."z":74.9670639}..."benzierPointPositions":[{"x":1.59268188..."y":5.722046E-06..."z":-1.75025177}...{"x":-2.43735123..."y":3.81469727E-06..."z":-6.34497833}]}...{"numberOfCoin":5..."localPosition":{"x":-0.401656151..."y":0.4999982..."z":51.2910271}..."benzierPointPositions":[{"x":1.59268188..."y":5.722046E-06..."z":-1.97320557}...{"x":-2.43735123..."y":3.81469727E-06..."z":4.298916}]}...{"numberOfCoin":5..."localPosition":{"x":-0.325325966..."y":0.4999982..."z":63.49677}..."benzierPointPositions":[{"x":1.59268188..."y":5.722046E-06..."z":-1.97320557}...{"x":-2.43735123..."y":3.81469727E-06..."z":4.29888535}]}...{"numberOfCoin":5..."localPosition":{"x":-0.317803383..."y":0.4999982..."z":62.3648033}..."benzierPointPositions":[{"x":1.59268188..."y":5.722046E-06..."z":-1.75024414}...{"x":-2.43735123..."y":3.81469727E-06..."z":-6.344982}]}...{"numberOfCoin":9..."localPosition":{"x":3.63553071..."y":0.4999982..."z":82.28981}..."benzierPointPositions":[{"x":-0.0776929855..."y":4.76837158E-07..."z":-2.61885071}...{"x":-0.200618744..."y":2.33346224..."z":0.7899933}...{"x":0.0..."y":0.0..."z":5.15768433}]}...{"numberOfCoin":9..."localPosition":{"x":-0.2129209..."y":0.4999982..."z":38.55209}..."benzierPointPositions":[{"x":-0.077693224..."y":4.76837158E-07..."z":-2.618843}...{"x":-0.200618714..."y":2.33346224..."z":0.789985657}...{"x":0.0..."y":0.0..."z":5.157688}]}],Modular,padding_3,end_1,0
,10006029,Easy_Block_1_14,road_1_7.road_2_2.road_2_5.road_5_8.road_1_3.road_1_4.road_1_6.road_1_7.road_2_2.road_2_3.road_4_7.road_4_5.road_5_2.road_5_3.road_5_5.road_11_3.road_11_1.road_11_2.road_11_1.road_11_3.road_14_4.road_14_3.road_2_9.road_2_8.road_2_7.road_3_3.road_3_4.road_5_6,[{"type":"lane_run_obstacle"..."localPosition":{"x":2.09328675..."y":-8.34465E-07..."z":12.3198776}}...{"type":"run_obstacle"..."localPosition":{"x":-3.31549215..."y":-8.34465E-07..."z":26.67957}}...{"type":"run_obstacle"..."localPosition":{"x":-1.83804631..."y":-8.34465E-07..."z":32.8743}}...{"type":"run_obstacle"..."localPosition":{"x":-0.7926328..."y":-8.34465E-07..."z":38.7368736}}...{"type":"run_obstacle"..."localPosition":{"x":3.65329..."y":-8.34465E-07..."z":56.656517}}...{"type":"lane_jump_obstacle"..."localPosition":{"x":1.26712227..."y":-7.15255737E-07..."z":114.538467}}...{"type":"lane_jump_obstacle"..."localPosition":{"x":-0.139271736..."y":-7.15255737E-07..."z":175.525238}}...{"type":"run_obstacle"..."localPosition":{"x":0.230705023..."y":-8.34465E-07..."z":67.10152}}...{"type":"run_obstacle"..."localPosition":{"x":2.06263518..."y":-8.34465E-07..."z":62.2637}}...{"type":"run_obstacle"..."localPosition":{"x":3.68946385..."y":-8.34465E-07..."z":99.63546}}...{"type":"run_obstacle"..."localPosition":{"x":-2.7098062..."y":-8.34465E-07..."z":99.262764}}...{"type":"lane_run_obstacle"..."localPosition":{"x":-2.35947514..."y":-8.34465E-07..."z":187.886887}}...{"type":"lane_run_obstacle"..."localPosition":{"x":1.56448174..."y":-8.34465E-07..."z":206.699112}}],[{"numberOfCoin":5..."localPosition":{"x":1.95405793..."y":0.499999285..."z":83.46902}..."benzierPointPositions":[{"x":-4.245682..."y":0.0..."z":0.341812134}...{"x":0.606451035..."y":-1.90734863E-06..."z":0.2811203}]}...{"numberOfCoin":5..."localPosition":{"x":0.3862574..."y":0.499999285..."z":82.52783}..."benzierPointPositions":[{"x":0.0..."y":0.0..."z":-2.0}...{"x":0.0..."y":0.0..."z":4.55600739}]}...{"numberOfCoin":30..."localPosition":{"x":-2.49615455..."y":0.499999285..."z":14.6396847}..."benzierPointPositions":[{"x":0.0..."y":0.0..."z":-2.0}...{"x":0.5058613..."y":0.0..."z":7.85094452}...{"x":5.00248337..."y":0.0..."z":15.00387}...{"x":5.56252861..."y":1.90734863E-06..."z":25.97503}...{"x":4.93415451..."y":0.0..."z":37.56125}...{"x":-0.2675972..."y":0.0..."z":44.8349}...{"x":0.8482933..."y":0.0..."z":56.52983}]}...{"numberOfCoin":3..."localPosition":{"x":-7.390976E-06..."y":0.499999285..."z":129.474442}..."benzierPointPositions":[{"x":1.64788055..."y":0.0..."z":3.35824585}...{"x":0.0450077057..."y":0.7050333..."z":1.14845276}]}...{"numberOfCoin":3..."localPosition":{"x":-7.390976E-06..."y":0.499999285..."z":131.331116}..."benzierPointPositions":[{"x":1.64788055..."y":0.0..."z":3.35824585}...{"x":0.0450077057..."y":0.7050333..."z":1.14845276}]}...{"numberOfCoin":3..."localPosition":{"x":-7.390976E-06..."y":0.499999285..."z":146.494492}..."benzierPointPositions":[{"x":1.64788055..."y":0.0..."z":3.35824585}...{"x":0.0450077057..."y":0.7050333..."z":5.48629761}]}...{"numberOfCoin":3..."localPosition":{"x":-7.390976E-06..."y":0.499999285..."z":133.28479}..."benzierPointPositions":[{"x":1.64788055..."y":0.0..."z":3.35824585}...{"x":0.0450077057..."y":0.7050333..."z":1.14845276}]}...{"numberOfCoin":3..."localPosition":{"x":-7.390976E-06..."y":0.499999285..."z":135.097549}..."benzierPointPositions":[{"x":1.64788055..."y":0.0..."z":3.35824585}...{"x":0.0450077057..."y":0.7050333..."z":1.14845276}]}...{"numberOfCoin":3..."localPosition":{"x":-7.390976E-06..."y":0.499999285..."z":136.995438}..."benzierPointPositions":[{"x":1.64788055..."y":0.0..."z":3.35824585}...{"x":0.0450077057..."y":0.7050333..."z":1.14845276}]}...{"numberOfCoin":9..."localPosition":{"x":0.471552134..."y":0.499999285..."z":97.66005}..."benzierPointPositions":[{"x":-0.077693224..."y":4.76837158E-07..."z":-2.618843}...{"x":-0.200618714..."y":2.333462..."z":0.7899704}...{"x":0.0..."y":0.0..."z":5.03313446}]}...{"numberOfCoin":9..."localPosition":{"x":0.471552134..."y":0.499999285..."z":173.8992}..."benzierPointPositions":[{"x":-0.077693224..."y":4.76837158E-07..."z":-2.61883545}...{"x":-0.200618714..."y":2.333462..."z":0.789978}...{"x":0.0..."y":0.0..."z":5.03317261}]}...{"numberOfCoin":3..."localPosition":{"x":-7.390976E-06..."y":0.499999285..."z":138.908676}..."benzierPointPositions":[{"x":1.64788055..."y":0.0..."z":3.35824585}...{"x":0.0450077057..."y":0.7050333..."z":1.14845276}]}...{"numberOfCoin":8..."localPosition":{"x":0.422502756..."y":0.499999285..."z":205.6889}..."benzierPointPositions":[{"x":2.634101..."y":1.90734863E-06..."z":5.82521057}...{"x":-0.163272858..."y":0.9085283..."z":15.7449188}]}...{"numberOfCoin":3..."localPosition":{"x":-7.390976E-06..."y":0.499999285..."z":148.278442}..."benzierPointPositions":[{"x":1.64788055..."y":0.0..."z":3.35824585}...{"x":0.0450077057..."y":0.7050333..."z":5.48629761}]}...{"numberOfCoin":3..."localPosition":{"x":-7.390976E-06..."y":0.499999285..."z":150.216644}..."benzierPointPositions":[{"x":1.64788055..."y":0.0..."z":3.35824585}...{"x":0.0450077057..."y":0.7050333..."z":5.48629761}]}...{"numberOfCoin":3..."localPosition":{"x":-7.390976E-06..."y":0.499999285..."z":152.0625}..."benzierPointPositions":[{"x":1.64788055..."y":0.0..."z":3.35824585}...{"x":0.0450077057..."y":0.7050333..."z":5.48629761}]}...{"numberOfCoin":3..."localPosition":{"x":-7.390976E-06..."y":0.499999285..."z":153.995544}..."benzierPointPositions":[{"x":1.64788055..."y":0.0..."z":3.35824585}...{"x":0.0450077057..."y":0.7050333..."z":5.48629761}]}...{"numberOfCoin":3..."localPosition":{"x":-7.390976E-06..."y":0.499999285..."z":155.592026}..."benzierPointPositions":[{"x":1.64788055..."y":0.0..."z":3.35824585}...{"x":0.0450077057..."y":0.7050333..."z":5.48629761}]}...{"numberOfCoin":8..."localPosition":{"x":0.422502756..."y":0.499999285..."z":188.569534}..."benzierPointPositions":[{"x":-3.32447815..."y":1.90734863E-06..."z":5.73049927}...{"x":3.09712982..."y":0.9085245..."z":14.6321411}]}],Modular,padding_4,end_3,0
,10006030,Easy_Block_1_15,road_11_3.road_11_2.road_11_4.road_11_1.road_11_4.road_11_2.road_5_7.road_4_6.road_4_6.road_4_6.road_4_6.road_4_6.road_4_6.road_4_6.road_1_4.road_11_3.road_4_5,[{"type":"jump_obstacle"..."localPosition":{"x":0.844859362..."y":1.13248825E-06..."z":64.9926758}}...{"type":"jump_obstacle"..."localPosition":{"x":-2.29680276..."y":1.13248825E-06..."z":13.6486244}}...{"type":"run_obstacle"..."localPosition":{"x":-3.64758444..."y":1.013279E-06..."z":40.64481}}...{"type":"run_obstacle"..."localPosition":{"x":-2.3148613..."y":1.013279E-06..."z":69.259964}}...{"type":"run_obstacle"..."localPosition":{"x":0.219094038..."y":1.013279E-06..."z":116.187424}}...{"type":"jump_obstacle"..."localPosition":{"x":-5.02360344..."y":1.13248825E-06..."z":81.54536}}...{"type":"lane_run_obstacle"..."localPosition":{"x":-3.37707233..."y":1.013279E-06..."z":98.17912}}...{"type":"jump_obstacle"..."localPosition":{"x":-2.40361333..."y":1.13248825E-06..."z":-8.20379448}}],[{"numberOfCoin":16..."localPosition":{"x":-2.38102651..."y":0.5000011..."z":32.681}..."benzierPointPositions":[{"x":-0.8948574..."y":0.0..."z":-2.964447}...{"x":0.0..."y":0.0..."z":2.0}...{"x":2.77778816..."y":0.0..."z":8.796463}...{"x":-0.559375763..."y":0.0..."z":14.78228}...{"x":-2.6705215..."y":0.0..."z":20.8829422}]}...{"numberOfCoin":8..."localPosition":{"x":-1.77759385..."y":0.5000011..."z":13.0677948}..."benzierPointPositions":[{"x":-0.077693224..."y":4.76837158E-07..."z":-2.03697777}...{"x":-0.200618744..."y":1.978062..."z":0.789985657}...{"x":0.0..."y":0.0..."z":5.06201553}]}...{"numberOfCoin":8..."localPosition":{"x":1.41457534..."y":0.5000011..."z":63.56816}..."benzierPointPositions":[{"x":-0.077693224..."y":4.76837158E-07..."z":-2.036972}...{"x":-0.200618744..."y":1.978062..."z":0.789985657}...{"x":0.0..."y":0.0..."z":5.06201935}]}...{"numberOfCoin":5..."localPosition":{"x":-2.89423656..."y":0.5000011..."z":123.043213}..."benzierPointPositions":[{"x":-1.33324432..."y":-1.90734863E-06..."z":16.087677}...{"x":1.8878026..."y":1.90734863E-06..."z":12.42215}]}...{"numberOfCoin":18..."localPosition":{"x":0.943122864..."y":0.5000011..."z":100.737045}..."benzierPointPositions":[{"x":-4.76758766..."y":-1.90734863E-06..."z":-12.7719421}...{"x":-0.579995155..."y":1.90734863E-06..."z":-4.208542}...{"x":0.0..."y":0.0..."z":3.0}...{"x":0.0..."y":0.0..."z":12.1846771}]}...{"numberOfCoin":5..."localPosition":{"x":-2.77515125..."y":0.5000011..."z":123.104431}..."benzierPointPositions":[{"x":1.56007814..."y":-1.90734863E-06..."z":16.0876923}...{"x":-1.62375641..."y":1.90734863E-06..."z":12.42215}]}...{"numberOfCoin":8..."localPosition":{"x":-4.62429428..."y":0.5000011..."z":79.97084}..."benzierPointPositions":[{"x":-0.0776929855..."y":4.76837158E-07..."z":-2.036972}...{"x":-0.200618744..."y":1.978062..."z":0.789985657}...{"x":0.0..."y":0.0..."z":5.06201935}]}...{"numberOfCoin":8..."localPosition":{"x":-3.37282181..."y":0.5000011..."z":119.484512}..."benzierPointPositions":[{"x":-0.0776929855..."y":4.76837158E-07..."z":-2.036972}...{"x":-0.200618744..."y":1.978062..."z":0.789985657}...{"x":0.0..."y":0.0..."z":5.062729}]}],Modular,padding_3,end_3,0
,10006031,Easy_Block_1_16,road_2_2.road_2_4.road_2_5.road_1_2.road_4_3.road_3_9.road_3_8.road_4_8.road_4_9.road_12_5.road_14_3.road_14_1.road_14_4.road_12_2.road_12_5.road_14_2.road_14_1.road_14_2.road_2_5.road_1_8.road_1_4.road_4_8.road_5_5.road_4_4.road_4_3.road_1_2.road_1_5.road_12_1.road_12_3.road_3_7.road_5_5,[{"type":"jump_obstacle"..."localPosition":{"x":0.478069663..."y":0.0..."z":159.570068}}...{"type":"jump_obstacle"..."localPosition":{"x":3.236937..."y":0.0..."z":172.191071}}...{"type":"lane_run_obstacle"..."localPosition":{"x":-1.4597789..."y":0.0..."z":45.90096}}...{"type":"lane_jump_obstacle"..."localPosition":{"x":-0.1821189..."y":0.0..."z":72.3646}}...{"type":"run_obstacle"..."localPosition":{"x":1.43840659..."y":0.0..."z":107.167755}}...{"type":"lane_run_obstacle"..."localPosition":{"x":-0.5039635..."y":0.0..."z":49.3527336}}...{"type":"lane_run_obstacle"..."localPosition":{"x":2.18822622..."y":0.0..."z":203.288162}}...{"type":"run_obstacle"..."localPosition":{"x":1.45658088..."y":0.0..."z":238.877228}}...{"type":"run_obstacle"..."localPosition":{"x":2.44701..."y":0.0..."z":4.656671}}...{"type":"lane_run_obstacle"..."localPosition":{"x":-1.70537329..."y":0.0..."z":21.4559364}}...{"type":"lane_run_obstacle"..."localPosition":{"x":-0.897422552..."y":0.0..."z":25.0730343}}...{"type":"lane_jump_obstacle"..."localPosition":{"x":-0.555326462..."y":0.0..."z":143.18338}}...{"type":"run_obstacle"..."localPosition":{"x":-0.51233387..."y":0.0..."z":186.92131}}...{"type":"run_obstacle"..."localPosition":{"x":-2.58635926..."y":0.0..."z":221.256821}}],[{"numberOfCoin":20..."localPosition":{"x":-2.91258..."y":0.5..."z":8.676678}..."benzierPointPositions":[{"x":0.1527319..."y":0.0..."z":4.09025}...{"x":5.77055..."y":0.0..."z":10.3126221}...{"x":5.823963..."y":0.0..."z":16.9951324}...{"x":0.1985302..."y":0.0..."z":23.249958}]}...{"numberOfCoin":5..."localPosition":{"x":-0.8175087..."y":0.5..."z":67.71363}..."benzierPointPositions":[{"x":3.517458..."y":0.0..."z":-1.14772034}...{"x":-2.780055..."y":0.0..."z":-1.11788177}]}...{"numberOfCoin":5..."localPosition":{"x":-2.83674288..."y":0.5..."z":35.68814}..."benzierPointPositions":[{"x":0.0..."y":0.0..."z":-2.0}...{"x":0.0..."y":0.0..."z":5.698086}]}...{"numberOfCoin":5..."localPosition":{"x":-1.336688..."y":0.5..."z":37.2935028}..."benzierPointPositions":[{"x":0.0..."y":0.0..."z":-2.0}...{"x":0.0..."y":0.0..."z":5.698086}]}...{"numberOfCoin":5..."localPosition":{"x":0.103879929..."y":0.5..."z":38.46974}..."benzierPointPositions":[{"x":0.0..."y":0.0..."z":-2.0}...{"x":0.0..."y":0.0..."z":5.698086}]}...{"numberOfCoin":10..."localPosition":{"x":-2.21687031..."y":0.5..."z":153.528259}..."benzierPointPositions":[{"x":1.85675526..."y":-3.81469727E-06..."z":-0.09126282}...{"x":5.25071239..."y":-5.722046E-06..."z":6.579071}...{"x":5.57444859..."y":-9.536743E-06..."z":15.0847778}]}...{"numberOfCoin":5..."localPosition":{"x":-0.8175087..."y":0.5..."z":59.0495758}..."benzierPointPositions":[{"x":3.25138378..."y":0.0..."z":6.762413}...{"x":-2.94731617..."y":0.0..."z":-2.316227}]}...{"numberOfCoin":5..."localPosition":{"x":-0.8175087..."y":0.5..."z":56.96067}..."benzierPointPositions":[{"x":3.517458..."y":0.0..."z":-1.14772415}...{"x":-2.780055..."y":0.0..."z":-1.11788177}]}...{"numberOfCoin":12..."localPosition":{"x":-2.105032..."y":0.5..."z":86.232666}..."benzierPointPositions":[{"x":1.45955372..."y":0.0..."z":-5.540657}...{"x":3.71979618..."y":-3.81469727E-06..."z":3.70076}...{"x":1.1807375..."y":1.90734863E-06..."z":13.2485657}]}...{"numberOfCoin":8..."localPosition":{"x":-4.22398949..."y":0.5..."z":112.058243}..."benzierPointPositions":[{"x":3.29447079..."y":-3.81469727E-06..."z":-3.41015625}...{"x":3.196042..."y":-7.62939453E-06..."z":6.482292}]}...{"numberOfCoin":8..."localPosition":{"x":-3.24705124..."y":0.5..."z":120.590752}..."benzierPointPositions":[{"x":3.29447079..."y":-3.81469727E-06..."z":-3.41015625}...{"x":3.196042..."y":-7.62939453E-06..."z":6.482788}]}...{"numberOfCoin":9..."localPosition":{"x":-2.14553928..."y":0.5..."z":239.697662}..."benzierPointPositions":[{"x":-0.07769346..."y":4.76837158E-07..."z":-2.61882019}...{"x":-0.200619221..."y":2.333462..."z":0.790008545}...{"x":0.0..."y":0.0..."z":5.15774536}]}...{"numberOfCoin":8..."localPosition":{"x":-2.21234512..."y":0.5..."z":183.127487}..."benzierPointPositions":[{"x":-0.505929947..."y":0.0..."z":12.6486053}...{"x":5.93268..."y":-7.62939453E-06..."z":3.58633423}]}...{"numberOfCoin":8..."localPosition":{"x":-2.17639542..."y":0.5..."z":129.141083}..."benzierPointPositions":[{"x":3.29447079..."y":-3.81469727E-06..."z":-3.41014862}...{"x":3.196042..."y":-7.62939453E-06..."z":6.4828186}]}...{"numberOfCoin":8..."localPosition":{"x":-4.387911..."y":0.5..."z":229.3747}..."benzierPointPositions":[{"x":5.3889..."y":-5.722046E-06..."z":-7.399185}...{"x":5.4872303..."y":1.90734863E-06..."z":6.20611572}]}...{"numberOfCoin":6..."localPosition":{"x":-2.21234512..."y":0.5..."z":182.538528}..."benzierPointPositions":[{"x":-0.225355148..."y":-9.536743E-06..."z":33.513916}...{"x":-0.5733738..."y":-7.62939453E-06..."z":13.4415131}]}...{"numberOfCoin":6..."localPosition":{"x":-2.21234512..."y":0.5..."z":183.127487}..."benzierPointPositions":[{"x":2.166049..."y":-3.81469727E-06..."z":-3.363205}...{"x":5.93268..."y":-7.62939453E-06..."z":3.58633423}]}...{"numberOfCoin":4..."localPosition":{"x":-4.387911..."y":0.5..."z":219.901443}..."benzierPointPositions":[{"x":2.166049..."y":-3.81469727E-06..."z":-3.363205}...{"x":5.42417049..."y":-1.90734863E-06..."z":2.09472656}]}...{"numberOfCoin":9..."localPosition":{"x":-0.10167098..."y":0.5..."z":142.348267}..."benzierPointPositions":[{"x":-0.07769346..."y":4.76837158E-07..."z":-2.61882019}...{"x":-0.200619221..."y":2.333462..."z":0.790008545}...{"x":0.0..."y":0.0..."z":5.15774536}]}...{"numberOfCoin":9..."localPosition":{"x":-3.18631816..."y":0.5..."z":239.697662}..."benzierPointPositions":[{"x":-0.07769346..."y":4.76837158E-07..."z":-2.61882019}...{"x":-0.200619221..."y":2.333462..."z":0.790008545}...{"x":0.0..."y":0.0..."z":5.15774536}]}...{"numberOfCoin":9..."localPosition":{"x":3.295991..."y":0.5..."z":249.918015}..."benzierPointPositions":[{"x":-0.07769346..."y":4.76837158E-07..."z":-2.61882019}...{"x":-0.200619221..."y":2.333462..."z":0.7896271}...{"x":0.0..."y":0.0..."z":5.15644836}]}...{"numberOfCoin":9..."localPosition":{"x":2.20582318..."y":0.5..."z":249.918015}..."benzierPointPositions":[{"x":-0.07769346..."y":4.76837158E-07..."z":-2.61882019}...{"x":-0.200619221..."y":2.333462..."z":0.7896271}...{"x":0.0..."y":0.0..."z":5.15644836}]}],Modular,padding_3,end_4,0
,10006032,Easy_Block_1_17,road_1_4.road_1_1.road_14_3,[{"type":"lane_jump_obstacle"..."localPosition":{"x":-0.202493817..."y":6.556511E-07..."z":-9.715671}}...{"type":"lane_jump_obstacle"..."localPosition":{"x":-0.202493817..."y":6.556511E-07..."z":-9.715671}}],[{"numberOfCoin":0..."localPosition":{"x":-7.62939453E-06..."y":0.5000006..."z":-8.70001}..."benzierPointPositions":[{"x":0.0..."y":0.0..."z":-2.0}...{"x":0.0..."y":0.0..."z":2.0}]}...{"numberOfCoin":8..."localPosition":{"x":0.7636452..."y":0.5000006..."z":6.666574}..."benzierPointPositions":[{"x":0.00625324249..."y":0.0..."z":-7.21472836}...{"x":0.0..."y":0.0..."z":2.0}]}...{"numberOfCoin":8..."localPosition":{"x":-0.780548334..."y":0.5000006..."z":6.666574}..."benzierPointPositions":[{"x":0.00625324249..."y":0.0..."z":-7.21472836}...{"x":0.0..."y":0.0..."z":2.0}]}...{"numberOfCoin":6..."localPosition":{"x":-1.74401665..."y":0.5000006..."z":-2.40551519}..."benzierPointPositions":[{"x":-1.28259945..."y":9.536743E-07..."z":3.1285944}...{"x":1.70091462..."y":9.536743E-07..."z":0.2876587}...{"x":4.11902475..."y":-3.81469727E-06..."z":2.63312054}]}],Modular,padding_2,end_5,0
,10006033,Easy_Block_1_18,road_5_6.road_5_5.road_5_2.road_4_8.road_4_7.road_1_4.road_1_7.road_12_5.road_12_1.road_1_4.road_2_9.road_3_5.road_5_8.road_2_6.road_4_7.road_4_5.road_1_6.road_4_6,[{"type":"lane_run_obstacle"..."localPosition":{"x":-1.02967072..."y":0.0..."z":36.9588547}}...{"type":"lane_run_obstacle"..."localPosition":{"x":1.31921673..."y":0.0..."z":107.687645}}...{"type":"lane_run_obstacle"..."localPosition":{"x":-1.59779215..."y":0.0..."z":74.43201}}...{"type":"run_obstacle"..."localPosition":{"x":2.55075383..."y":0.0..."z":90.68396}}...{"type":"lane_jump_obstacle"..."localPosition":{"x":-1.317708..."y":0.0..."z":122.381409}}...{"type":"lane_run_obstacle"..."localPosition":{"x":1.21158791..."y":0.0..."z":20.55612}}...{"type":"lane_jump_obstacle"..."localPosition":{"x":-0.8099487..."y":0.0..."z":56.4526672}}...{"type":"jump_obstacle"..."localPosition":{"x":3.09621859..."y":0.0..."z":122.243576}}...{"type":"lane_run_obstacle"..."localPosition":{"x":-1.02967072..."y":0.0..."z":36.9588547}}...{"type":"lane_run_obstacle"..."localPosition":{"x":1.31921673..."y":0.0..."z":107.687645}}...{"type":"lane_run_obstacle"..."localPosition":{"x":-1.59779215..."y":0.0..."z":74.43201}}...{"type":"run_obstacle"..."localPosition":{"x":2.55075383..."y":0.0..."z":90.68396}}...{"type":"lane_jump_obstacle"..."localPosition":{"x":-1.317708..."y":0.0..."z":122.381409}}...{"type":"lane_run_obstacle"..."localPosition":{"x":1.21158791..."y":0.0..."z":20.55612}}...{"type":"lane_jump_obstacle"..."localPosition":{"x":-0.8099487..."y":0.0..."z":56.4526672}}...{"type":"jump_obstacle"..."localPosition":{"x":3.09621859..."y":0.0..."z":122.243576}}],[{"numberOfCoin":12..."localPosition":{"x":-3.23864031..."y":0.5..."z":22.0194378}..."benzierPointPositions":[{"x":0.0..."y":0.0..."z":-2.0}...{"x":0.271378517..."y":1.90734863E-06..."z":6.6563015}...{"x":6.54225826..."y":0.0..."z":12.9239254}]}...{"numberOfCoin":11..."localPosition":{"x":-3.23864031..."y":0.5..."z":43.6910858}..."benzierPointPositions":[{"x":0.423583031..."y":1.90734863E-06..."z":8.191822}...{"x":0.436875343..."y":0.0..."z":1.86990356}...{"x":6.441122..."y":0.0..."z":-4.39966965}]}...{"numberOfCoin":9..."localPosition":{"x":-2.784743..."y":0.5..."z":56.0105362}..."benzierPointPositions":[{"x":-0.077693224..."y":4.76837158E-07..."z":-2.61883926}...{"x":-0.200618744..."y":2.333462..."z":0.7899895}...{"x":0.0..."y":0.0..."z":5.157902}]}...{"numberOfCoin":8..."localPosition":{"x":1.80330157..."y":0.5..."z":98.2485}..."benzierPointPositions":[{"x":0.9585118..."y":0.0..."z":1.40174866}...{"x":1.99384451..."y":0.0..."z":2.96357727}...{"x":0.6063733..."y":0.0..."z":4.18104553}...{"x":-0.7658322..."y":0.0..."z":2.83882141}...{"x":0.3292904..."y":0.0379747748..."z":1.48072815}]}...{"numberOfCoin":8..."localPosition":{"x":1.93091464..."y":0.5..."z":83.44391}..."benzierPointPositions":[{"x":0.9585116..."y":-2.98023224E-08..."z":1.40174866}...{"x":1.99384427..."y":0.0..."z":2.96357727}...{"x":0.606373549..."y":0.0..."z":4.18104553}...{"x":-0.76583457..."y":0.0..."z":2.83882141}...{"x":0.3292904..."y":0.0379747748..."z":1.48072815}]}...{"numberOfCoin":8..."localPosition":{"x":1.93882442..."y":0.5..."z":78.2774658}..."benzierPointPositions":[{"x":0.9585116..."y":-2.98023224E-08..."z":1.40174866}...{"x":1.99384427..."y":0.0..."z":2.96357727}...{"x":0.606373549..."y":0.0..."z":4.18104553}...{"x":-0.76583457..."y":0.0..."z":2.83882141}...{"x":0.3292904..."y":0.0379747748..."z":1.48072815}]}...{"numberOfCoin":8..."localPosition":{"x":-2.92579436..."y":0.5..."z":87.5120239}..."benzierPointPositions":[{"x":0.9585118..."y":0.0..."z":1.40174866}...{"x":1.99384451..."y":0.0..."z":2.96357727}...{"x":0.6063733..."y":0.0..."z":4.18104553}...{"x":-0.7658322..."y":0.0..."z":2.83882141}...{"x":0.3292904..."y":0.0379747748..."z":1.48072815}]}...{"numberOfCoin":8..."localPosition":{"x":1.80330157..."y":0.5..."z":93.1261749}..."benzierPointPositions":[{"x":0.9585118..."y":0.0..."z":1.40174866}...{"x":1.99384451..."y":0.0..."z":2.96357727}...{"x":0.6063733..."y":0.0..."z":4.18104553}...{"x":-0.7658322..."y":0.0..."z":2.83882141}...{"x":0.3292904..."y":0.0379747748..."z":1.48072815}]}...{"numberOfCoin":9..."localPosition":{"x":1.92066979..."y":0.5..."z":121.386269}..."benzierPointPositions":[{"x":-0.077693224..."y":4.76837158E-07..."z":-2.61883545}...{"x":-0.200618744..."y":2.333462..."z":0.7900009}...{"x":0.0..."y":0.0..."z":5.157387}]}...{"numberOfCoin":9..."localPosition":{"x":3.11913085..."y":0.5..."z":121.4837}..."benzierPointPositions":[{"x":-0.077693224..."y":4.76837158E-07..."z":-2.61883545}...{"x":-0.200618744..."y":2.333462..."z":0.7900009}...{"x":0.0..."y":0.0..."z":5.15753174}]}...{"numberOfCoin":13..."localPosition":{"x":3.41292357..."y":0.5..."z":130.312}..."benzierPointPositions":[{"x":0.0..."y":0.0..."z":-2.0}...{"x":0.00130629539..."y":9.536743E-07..."z":2.88845825}...{"x":-2.42795467..."y":0.0..."z":9.039963}...{"x":-2.860608..."y":0.0..."z":13.2875366}]}...{"numberOfCoin":13..."localPosition":{"x":2.19185185..."y":0.5..."z":130.312}..."benzierPointPositions":[{"x":0.0..."y":0.0..."z":-2.0}...{"x":0.00130629539..."y":9.536743E-07..."z":2.88845825}...{"x":-2.42795467..."y":0.0..."z":9.039963}...{"x":-2.860608..."y":0.0..."z":13.2875366}]}],Modular,padding_3,end_4,0
,10006034,Easy_Block_1_19,road_11_1.road_11_2.road_11_3.road_11_1.road_11_4.road_5_7.road_5_5,[{"type":"jump_obstacle"..."localPosition":{"x":-2.34917974..."y":1.13248825E-06..."z":12.2473316}}...{"type":"run_obstacle"..."localPosition":{"x":-3.91340923..."y":1.013279E-06..."z":31.8921242}}...{"type":"run_obstacle"..."localPosition":{"x":-0.238820314..."y":1.013279E-06..."z":42.8877373}}],[{"numberOfCoin":3..."localPosition":{"x":-1.75945067..."y":0.5000011..."z":5.26475}..."benzierPointPositions":[{"x":0.0..."y":0.0..."z":-2.0}...{"x":0.0..."y":0.0..."z":2.0}]}...{"numberOfCoin":4..."localPosition":{"x":1.05409384..."y":0.5000011..."z":36.5418358}..."benzierPointPositions":[{"x":-0.263566971..."y":0.0..."z":2.50530243}...{"x":-4.14127254..."y":0.0..."z":5.631359}]}...{"numberOfCoin":9..."localPosition":{"x":-2.43818831..."y":0.5000011..."z":11.7924194}..."benzierPointPositions":[{"x":-0.077693224..."y":4.76837158E-07..."z":-2.61883926}...{"x":-0.200618744..."y":2.33346224..."z":0.789985657}...{"x":0.0..."y":0.0..."z":5.157692}]}...{"numberOfCoin":3..."localPosition":{"x":-3.03221846..."y":0.5000011..."z":5.26475}..."benzierPointPositions":[{"x":0.0..."y":0.0..."z":-2.0}...{"x":0.0..."y":0.0..."z":2.0}]}...{"numberOfCoin":8..."localPosition":{"x":-3.03221846..."y":0.5000011..."z":23.5164757}..."benzierPointPositions":[{"x":-0.07740688..."y":0.0..."z":3.16402817}...{"x":3.82171726..."y":0.0..."z":14.4275742}]}],Modular,padding_5,end_4,0
,10006035,Easy_Block_1_20,road_1_4.road_1_5.road_1_8.road_11_4.road_4_9.road_4_2.road_11_4.road_2_3.road_2_6.road_11_2.road_5_8.road_3_3.road_11_3,[{"type":"lane_jump_obstacle"..."localPosition":{"x":0.234491587..."y":6.556511E-07..."z":74.43195}}...{"type":"lane_run_obstacle"..."localPosition":{"x":-2.69589663..."y":2.98023224E-07..."z":-5.85848141}}...{"type":"run_obstacle"..."localPosition":{"x":-2.2173512..."y":2.98023224E-07..."z":11.2122688}}...{"type":"lane_jump_obstacle"..."localPosition":{"x":0.43084693..."y":6.556511E-07..."z":30.3702812}}...{"type":"run_obstacle"..."localPosition":{"x":0.1795206..."y":2.98023224E-07..."z":55.78263}}],[{"numberOfCoin":9..."localPosition":{"x":-0.964868069..."y":0.5000006..."z":72.87894}..."benzierPointPositions":[{"x":-0.077693224..."y":4.76837158E-07..."z":-2.61883545}...{"x":-0.200618744..."y":2.33346224..."z":0.789985657}...{"x":0.0..."y":0.0..."z":5.15769958}]}...{"numberOfCoin":9..."localPosition":{"x":0.465777636..."y":0.5000006..."z":10.4382057}..."benzierPointPositions":[{"x":-0.077693224..."y":4.76837158E-07..."z":-2.61883974}...{"x":-0.200618744..."y":2.33346224..."z":0.789985657}...{"x":0.0..."y":0.0..."z":5.157694}]}...{"numberOfCoin":9..."localPosition":{"x":0.465777636..."y":0.5000006..."z":29.03004}..."benzierPointPositions":[{"x":-0.077693224..."y":4.76837158E-07..."z":-2.61883926}...{"x":-0.200618744..."y":2.33346224..."z":0.789985657}...{"x":0.0..."y":0.0..."z":5.157696}]}...{"numberOfCoin":9..."localPosition":{"x":0.465777636..."y":0.5000006..."z":44.80807}..."benzierPointPositions":[{"x":-0.077693224..."y":4.76837158E-07..."z":-2.61883926}...{"x":-0.200618744..."y":2.33346224..."z":0.789985657}...{"x":0.0..."y":0.0..."z":5.157696}]}...{"numberOfCoin":9..."localPosition":{"x":2.24522328..."y":0.5000006..."z":72.87894}..."benzierPointPositions":[{"x":-0.077693224..."y":4.76837158E-07..."z":-2.61883545}...{"x":-0.200618744..."y":2.33346224..."z":0.789985657}...{"x":0.0..."y":0.0..."z":5.15769958}]}...{"numberOfCoin":9..."localPosition":{"x":0.465777636..."y":0.5000006..."z":72.87894}..."benzierPointPositions":[{"x":-0.077693224..."y":4.76837158E-07..."z":-2.61883545}...{"x":-0.200618744..."y":2.33346224..."z":0.789985657}...{"x":0.0..."y":0.0..."z":5.15769958}]}...{"numberOfCoin":4..."localPosition":{"x":-2.416105..."y":0.5000006..."z":57.86056}..."benzierPointPositions":[{"x":-0.5348129..."y":0.0..."z":-2.0}...{"x":1.69107533..."y":0.0..."z":6.440426}]}...{"numberOfCoin":4..."localPosition":{"x":0.685325861..."y":0.5000006..."z":20.7410355}..."benzierPointPositions":[{"x":0.0..."y":0.0..."z":-2.0}...{"x":0.0..."y":0.0..."z":2.0}]}...{"numberOfCoin":3..."localPosition":{"x":1.2993052..."y":0.5000006..."z":89.07897}..."benzierPointPositions":[{"x":0.264383316..."y":0.0..."z":6.508873}...{"x":-2.560795..."y":0.0..."z":6.44042969}]}...{"numberOfCoin":4..."localPosition":{"x":3.71614861..."y":0.5000006..."z":57.86056}..."benzierPointPositions":[{"x":0.0..."y":0.0..."z":-2.0}...{"x":-2.56079483..."y":0.0..."z":6.440426}]}...{"numberOfCoin":3..."localPosition":{"x":1.2993052..."y":0.5000006..."z":86.87754}..."benzierPointPositions":[{"x":0.264383316..."y":0.0..."z":6.508873}...{"x":-2.560795..."y":0.0..."z":6.44042969}]}...{"numberOfCoin":3..."localPosition":{"x":1.2993052..."y":0.5000006..."z":84.84487}..."benzierPointPositions":[{"x":0.264383316..."y":0.0..."z":6.508873}...{"x":-2.560795..."y":0.0..."z":6.44042969}]}],Modular,padding_1,end_1,0